epoch,time,train/box_loss,train/seg_loss,train/cls_loss,train/dfl_loss,metrics/precision(B),metrics/recall(B),metrics/mAP50(B),metrics/mAP50-95(B),metrics/precision(M),metrics/recall(M),metrics/mAP50(M),metrics/mAP50-95(M),val/box_loss,val/seg_loss,val/cls_loss,val/dfl_loss,lr/pg0,lr/pg1,lr/pg2
1,35.3256,2.64943,4.31436,4.67341,1.64712,0,0,0,0,0,0,0,0,2.06054,2.90538,4.77041,1.28933,4.002e-05,4.002e-05,4.002e-05
2,66.9947,2.26648,3.32287,4.59853,1.42736,0,0,0,0,0,0,0,0,2.01206,2.63697,4.68176,1.19215,8.49931e-05,8.49931e-05,8.49931e-05
3,99.5,2.35596,3.33348,4.52729,1.45125,0,0,0,0,0,0,0,0,1.8917,2.5793,4.60046,1.11939,0.000128117,0.000128117,0.000128117
4,132.124,2.08429,3.1446,4.32288,1.38727,0,0,0,0,0,0,0,0,1.83287,2.54347,4.58506,1.08974,0.000169393,0.000169393,0.000169393
5,163.562,1.89207,2.5642,4.24911,1.20289,0,0,0,0,0,0,0,0,1.67411,2.39954,4.52615,1.02836,0.000208819,0.000208819,0.000208819
6,196.31,1.83259,2.58522,4.06196,1.16168,0,0,0,0,0,0,0,0,1.60396,2.43408,4.4444,0.99049,0.000246396,0.000246396,0.000246396
7,231.062,1.8407,2.60319,3.95107,1.17405,0,0,0,0,0,0,0,0,1.60396,2.43408,4.4444,0.99049,0.000282125,0.000282125,0.000282125
8,264.238,1.94336,2.60503,3.8477,1.16237,0,0,0,0,0,0,0,0,1.58479,2.32777,4.31574,0.98157,0.000316005,0.000316005,0.000316005
9,296.332,1.89792,2.31764,3.55655,1.03898,0.06742,0.13057,0.06765,0.03064,0.06503,0.13174,0.06276,0.02443,1.61044,2.16351,4.06644,0.98053,0.000348035,0.000348035,0.000348035
10,330.396,1.94281,2.72975,3.56068,1.09826,0.06742,0.13057,0.06765,0.03064,0.06503,0.13174,0.06276,0.02443,1.61044,2.16351,4.06644,0.98053,0.000378217,0.000378217,0.000378217
11,361.3,1.81439,2.32147,3.36074,1.04404,0.06952,0.27069,0.12342,0.06065,0.06536,0.26342,0.11627,0.05182,1.62485,2.15424,3.63478,0.98051,0.00040655,0.00040655,0.00040655
12,394.382,1.78072,2.28501,3.22442,1.07435,0.06952,0.27069,0.12342,0.06065,0.06536,0.26342,0.11627,0.05182,1.62485,2.15424,3.63478,0.98051,0.000433034,0.000433034,0.000433034
13,427.145,1.64554,2.09781,2.87758,1.09108,0.48091,0.1547,0.19684,0.11023,0.46938,0.141,0.17612,0.08602,1.61207,2.07607,2.94999,0.97654,0.000457669,0.000457669,0.000457669
14,462.536,1.6863,2.27141,3.00955,1.00782,0.48091,0.1547,0.19684,0.11023,0.46938,0.141,0.17612,0.08602,1.61207,2.07607,2.94999,0.97654,0.000480455,0.000480455,0.000480455
15,492.882,1.6034,2.07977,2.7311,1.04236,0.56503,0.25046,0.23939,0.1416,0.55224,0.23142,0.21788,0.11441,1.62495,2.06297,2.28663,0.98785,0.000482108,0.000482108,0.000482108
16,524.726,1.67345,2.28908,2.66725,1.01117,0.56503,0.25046,0.23939,0.1416,0.55224,0.23142,0.21788,0.11441,1.62495,2.06297,2.28663,0.98785,0.000468901,0.000468901,0.000468901
17,555.962,1.61559,2.03894,2.41856,1.02686,0.73555,0.24709,0.27841,0.17074,0.72271,0.23332,0.25683,0.13633,1.56431,2.02265,1.97608,0.98905,0.000455694,0.000455694,0.000455694
18,589.15,1.77684,2.34758,2.6353,1.05616,0.73555,0.24709,0.27841,0.17074,0.72271,0.23332,0.25683,0.13633,1.56431,2.02265,1.97608,0.98905,0.000442488,0.000442488,0.000442488
19,621.474,1.80237,2.23312,2.71033,1.05495,0.73555,0.24709,0.27841,0.17074,0.72271,0.23332,0.25683,0.13633,1.56431,2.02265,1.97608,0.98905,0.000429281,0.000429281,0.000429281
20,655.474,1.90101,2.51043,2.49224,1.06178,0.59556,0.35051,0.29866,0.1857,0.58188,0.32716,0.27125,0.1446,1.523,1.99097,1.93922,0.98485,0.000416075,0.000416075,0.000416075
21,686.062,1.65863,2.39471,2.41318,1.02773,0.59556,0.35051,0.29866,0.1857,0.58188,0.32716,0.27125,0.1446,1.523,1.99097,1.93922,0.98485,0.000402868,0.000402868,0.000402868
22,720.487,1.71491,2.30297,2.64452,1.00935,0.65574,0.33255,0.31949,0.20436,0.63965,0.31071,0.2871,0.1569,1.49905,1.95116,1.88782,0.97951,0.000389661,0.000389661,0.000389661
23,752.93,1.66344,2.10233,2.29605,1.00041,0.65574,0.33255,0.31949,0.20436,0.63965,0.31071,0.2871,0.1569,1.49905,1.95116,1.88782,0.97951,0.000376455,0.000376455,0.000376455
24,785.992,1.72205,2.28829,2.54085,1.0815,0.84448,0.3185,0.33936,0.223,0.82372,0.29487,0.30088,0.17348,1.4984,1.94651,1.77146,0.98503,0.000363248,0.000363248,0.000363248
25,817.028,1.51335,1.95217,1.98619,0.99346,0.84448,0.3185,0.33936,0.223,0.82372,0.29487,0.30088,0.17348,1.4984,1.94651,1.77146,0.98503,0.000350042,0.000350042,0.000350042
26,847.998,1.47213,1.88407,2.04701,0.97246,0.81541,0.37523,0.36518,0.24028,0.79645,0.35174,0.32449,0.18619,1.45474,1.93763,1.62168,0.98597,0.000336835,0.000336835,0.000336835
27,880.699,1.66888,2.19071,2.28719,1.02202,0.81541,0.37523,0.36518,0.24028,0.79645,0.35174,0.32449,0.18619,1.45474,1.93763,1.62168,0.98597,0.000323628,0.000323628,0.000323628
28,909.79,1.4617,2.08439,2.00736,0.97491,0.81541,0.37523,0.36518,0.24028,0.79645,0.35174,0.32449,0.18619,1.45474,1.93763,1.62168,0.98597,0.000310422,0.000310422,0.000310422
29,943.679,1.66817,2.16099,2.12835,0.9939,0.84476,0.37652,0.37416,0.24076,0.82855,0.3578,0.33854,0.19732,1.44899,1.91367,1.49365,0.98073,0.000297215,0.000297215,0.000297215
30,976.134,1.43136,2.02988,1.92194,0.94671,0.84476,0.37652,0.37416,0.24076,0.82855,0.3578,0.33854,0.19732,1.44899,1.91367,1.49365,0.98073,0.000284009,0.000284009,0.000284009
31,1006.37,1.4695,1.96337,2.10946,1.03505,0.85197,0.35821,0.3753,0.23706,0.82629,0.35795,0.34818,0.20039,1.44862,1.91209,1.43716,0.97517,0.000270802,0.000270802,0.000270802
32,1040.51,1.60982,2.12292,1.93531,0.96655,0.85197,0.35821,0.3753,0.23706,0.82629,0.35795,0.34818,0.20039,1.44862,1.91209,1.43716,0.97517,0.000257595,0.000257595,0.000257595
33,1075.03,1.64699,2.16843,2.15814,1.01593,0.834,0.38273,0.37536,0.23982,0.8203,0.36685,0.34843,0.20165,1.43272,1.90313,1.41867,0.97123,0.000244389,0.000244389,0.000244389
34,1109.54,1.54876,2.11504,1.81311,0.96162,0.834,0.38273,0.37536,0.23982,0.8203,0.36685,0.34843,0.20165,1.43272,1.90313,1.41867,0.97123,0.000231182,0.000231182,0.000231182
35,1140.98,1.40744,1.99376,1.68017,0.94781,0.834,0.38273,0.37536,0.23982,0.8203,0.36685,0.34843,0.20165,1.43272,1.90313,1.41867,0.97123,0.000217976,0.000217976,0.000217976
36,1171.11,1.35421,1.63733,1.689,0.95589,0.85211,0.39555,0.3802,0.24897,0.83819,0.381,0.35098,0.20526,1.40498,1.88478,1.39552,0.9587,0.000204769,0.000204769,0.000204769
37,1202.69,1.41078,1.98685,1.80128,0.93109,0.85211,0.39555,0.3802,0.24897,0.83819,0.381,0.35098,0.20526,1.40498,1.88478,1.39552,0.9587,0.000191562,0.000191562,0.000191562
38,1234.53,1.3674,1.84546,1.6378,0.92692,0.86464,0.40234,0.39141,0.25767,0.8435,0.38062,0.35666,0.20478,1.39673,1.8686,1.38798,0.94986,0.000178356,0.000178356,0.000178356
39,1267.25,1.53642,2.03751,1.90355,0.98741,0.86464,0.40234,0.39141,0.25767,0.8435,0.38062,0.35666,0.20478,1.39673,1.8686,1.38798,0.94986,0.000165149,0.000165149,0.000165149
40,1301.76,1.37492,1.78595,1.69578,0.95242,0.86977,0.40191,0.39762,0.26288,0.84997,0.38191,0.36519,0.20255,1.39377,1.85315,1.40352,0.94688,0.000151943,0.000151943,0.000151943
41,1330.88,1.45869,1.86184,1.84713,0.98516,0.86977,0.40191,0.39762,0.26288,0.84997,0.38191,0.36519,0.20255,1.39377,1.85315,1.40352,0.94688,0.000138736,0.000138736,0.000138736
42,1360.88,1.49816,2.2579,2.12767,1.04908,0.87256,0.38867,0.40301,0.27311,0.85802,0.3751,0.38024,0.20876,1.38375,1.8566,1.36489,0.9439,0.000125529,0.000125529,0.000125529
43,1390.11,1.36969,1.96506,1.85256,0.95819,0.87256,0.38867,0.40301,0.27311,0.85802,0.3751,0.38024,0.20876,1.38375,1.8566,1.36489,0.9439,0.000112323,0.000112323,0.000112323
44,1419.79,1.37422,1.77121,1.66445,1.04437,0.87256,0.38867,0.40301,0.27311,0.85802,0.3751,0.38024,0.20876,1.38375,1.8566,1.36489,0.9439,9.91162e-05,9.91162e-05,9.91162e-05
45,1448.88,1.46173,2.0777,1.89682,0.95731,0.86617,0.3886,0.40511,0.27667,0.85195,0.37405,0.38243,0.21081,1.37351,1.86057,1.34227,0.94214,8.59096e-05,8.59096e-05,8.59096e-05
46,1477.02,1.66869,2.22005,1.71486,0.95626,0.86617,0.3886,0.40511,0.27667,0.85195,0.37405,0.38243,0.21081,1.37351,1.86057,1.34227,0.94214,7.2703e-05,7.2703e-05,7.2703e-05
47,1505.32,1.40592,1.85865,1.85087,0.95523,0.85565,0.39735,0.4068,0.27345,0.85163,0.38266,0.38711,0.21083,1.37164,1.87679,1.31529,0.94254,5.94964e-05,5.94964e-05,5.94964e-05
48,1534.13,1.38455,1.95224,1.58136,0.98201,0.85565,0.39735,0.4068,0.27345,0.85163,0.38266,0.38711,0.21083,1.37164,1.87679,1.31529,0.94254,4.62898e-05,4.62898e-05,4.62898e-05
49,1562.85,1.36745,1.86748,1.73963,0.95851,0.85772,0.39375,0.409,0.27647,0.84634,0.38117,0.38962,0.21284,1.37192,1.86772,1.31379,0.9431,3.30832e-05,3.30832e-05,3.30832e-05
50,1590.75,1.39909,1.95469,1.75996,0.94848,0.85772,0.39375,0.409,0.27647,0.84634,0.38117,0.38962,0.21284,1.37192,1.86772,1.31379,0.9431,1.98766e-05,1.98766e-05,1.98766e-05
