epoch,time,train/box_loss,train/cls_loss,train/dfl_loss,metrics/precision(B),metrics/recall(B),metrics/mAP50(B),metrics/mAP50-95(B),val/box_loss,val/cls_loss,val/dfl_loss,lr/pg0,lr/pg1,lr/pg2
1,16.2478,2.97775,4.95616,1.91708,0.00915,0.01027,0.00481,0.00271,2.13463,4.83252,1.98793,0,0,0
2,29.5767,3.01232,5.05401,2.27513,0.00937,0.01027,0.00489,0.00325,2.12514,4.83489,1.95515,9.802e-06,9.802e-06,9.802e-06
3,41.7587,2.70725,4.92494,2.01435,0.00987,0.01027,0.00521,0.00255,2.08393,4.82435,1.93612,1.9208e-05,1.9208e-05,1.9208e-05
4,54.3335,2.75008,4.53924,1.7997,0.01205,0.0137,0.00663,0.00287,2.09892,4.79562,1.95399,2.8218e-05,2.8218e-05,2.8218e-05
5,68.8277,2.47627,4.55271,1.71995,0.0119,0.0137,0.00646,0.00283,2.13176,4.63438,2.03676,3.6832e-05,3.6832e-05,3.6832e-05
6,83.2401,2.87222,4.56154,1.9912,0.01506,0.01712,0.00817,0.00401,2.16786,4.63026,1.98403,4.505e-05,4.505e-05,4.505e-05
7,94.0809,2.24933,3.793,1.96639,0.01163,0.0137,0.00615,0.00399,2.13223,4.60616,2.0314,5.2872e-05,5.2872e-05,5.2872e-05
8,106.311,2.18563,3.68132,1.5985,0.01645,0.01712,0.00888,0.00382,2.16178,4.46891,2.11334,6.0298e-05,6.0298e-05,6.0298e-05
9,118.388,1.9782,3.40113,1.8326,0.01136,0.01027,0.00598,0.00296,2.2124,4.45912,2.13023,6.7328e-05,6.7328e-05,6.7328e-05
10,131.641,1.94157,3.36197,1.61174,0.01793,0.05194,0.01158,0.00387,2.32197,4.37883,2.13034,7.3962e-05,7.3962e-05,7.3962e-05
11,144.364,2.19815,2.72556,1.64587,0.26128,0.04167,0.00999,0.00306,2.5197,4.38654,2.11137,8.02e-05,8.02e-05,8.02e-05
12,161.074,2.27415,2.61436,1.72341,0.00218,0.08333,0.00214,0.00029,2.68757,4.84363,2.06717,8.6042e-05,8.6042e-05,8.6042e-05
13,175.164,2.78592,3.08916,1.47508,0.01347,0.08676,0.00796,0.00148,2.76381,6.58223,2.09939,9.1488e-05,9.1488e-05,9.1488e-05
14,187.504,2.25346,2.66566,1.40987,0.02217,0.08676,0.01225,0.0023,2.8803,9.97481,2.19586,9.6538e-05,9.6538e-05,9.6538e-05
15,200.344,1.76784,2.30189,1.53022,0.03252,0.08676,0.0179,0.00345,3.03763,11.7141,2.16443,0.000101192,0.000101192,0.000101192
16,216.742,2.13726,2.07002,1.32816,0.03762,0.12842,0.02259,0.00434,2.97755,10.3616,2.17147,0.00010545,0.00010545,0.00010545
17,230.185,2.02677,2.25095,1.28497,0.76074,0.125,0.02582,0.00446,2.89497,8.23432,2.13827,0.000109312,0.000109312,0.000109312
18,243.111,1.90025,1.8381,1.40195,0.76074,0.125,0.02582,0.00446,2.89497,8.23432,2.13827,0.000112778,0.000112778,0.000112778
19,255.711,1.52266,1.88848,1.4881,0.76866,0.08333,0.05084,0.01336,2.95295,6.86853,2.0508,0.000115848,0.000115848,0.000115848
20,267.958,1.76831,1.72469,1.24366,0.76866,0.08333,0.05084,0.01336,2.95295,6.86853,2.0508,0.000118522,0.000118522,0.000118522
21,280.99,1.79312,1.76475,1.37584,0.77159,0.08333,0.05558,0.01437,2.96468,5.90679,2.03115,0.0001208,0.0001208,0.0001208
22,294.578,1.982,1.7334,1.30051,0.77159,0.08333,0.05558,0.01437,2.96468,5.90679,2.03115,0.000122682,0.000122682,0.000122682
23,309.711,1.8906,1.73803,1.20297,0.78222,0.08333,0.08656,0.0148,2.95662,5.20486,1.97737,0.000124168,0.000124168,0.000124168
24,323.933,1.52718,1.62738,1.34367,0.78222,0.08333,0.08656,0.0148,2.95662,5.20486,1.97737,0.000125258,0.000125258,0.000125258
25,337.141,2.12824,1.77472,1.22234,0.1238,0.17295,0.10091,0.01857,2.80724,4.63381,1.80021,0.000125952,0.000125952,0.000125952
26,349.447,1.84552,2.06212,1.42389,0.1238,0.17295,0.10091,0.01857,2.80724,4.63381,1.80021,0.00012625,0.00012625,0.00012625
27,361.314,1.53319,1.65022,1.26012,0.81576,0.125,0.10532,0.02229,2.65277,4.38285,1.71544,0.000126152,0.000126152,0.000126152
28,374.417,1.39575,1.39024,1.14038,0.81576,0.125,0.10532,0.02229,2.65277,4.38285,1.71544,0.000125658,0.000125658,0.000125658
29,386.61,1.62752,1.76563,1.33687,0.81625,0.125,0.09947,0.02065,2.52591,4.09254,1.66411,0.000124768,0.000124768,0.000124768
30,398.513,1.50414,1.72673,1.30299,0.81625,0.125,0.09947,0.02065,2.52591,4.09254,1.66411,0.000123482,0.000123482,0.000123482
31,410.529,1.59466,1.41049,1.13793,0.10161,0.23459,0.1233,0.02876,2.40075,3.82809,1.62434,0.0001218,0.0001218,0.0001218
32,422.519,1.1818,1.50682,1.11587,0.10161,0.23459,0.1233,0.02876,2.40075,3.82809,1.62434,0.000119722,0.000119722,0.000119722
33,434.219,1.46986,1.5573,1.24445,0.0887,0.1895,0.10469,0.02676,2.35057,3.67399,1.6405,0.000117248,0.000117248,0.000117248
34,445.988,1.6868,1.31075,1.08903,0.0887,0.1895,0.10469,0.02676,2.35057,3.67399,1.6405,0.000114378,0.000114378,0.000114378
35,458.042,1.48339,1.19445,1.09428,0.0974,0.17922,0.10254,0.02784,2.34737,3.61459,1.68032,0.000111112,0.000111112,0.000111112
36,469.627,1.686,1.43625,1.12778,0.0974,0.17922,0.10254,0.02784,2.34737,3.61459,1.68032,0.00010745,0.00010745,0.00010745
37,481.15,1.72405,1.39682,1.17852,0.09108,0.16895,0.09411,0.02423,2.34931,3.58587,1.65447,0.000103392,0.000103392,0.000103392
38,491.593,0.94422,1.31204,1.06702,0.09108,0.16895,0.09411,0.02423,2.34931,3.58587,1.65447,9.8938e-05,9.8938e-05,9.8938e-05
39,503.412,1.37101,1.24455,1.19357,0.09797,0.15868,0.09764,0.02317,2.31871,3.57216,1.64241,9.4088e-05,9.4088e-05,9.4088e-05
40,514.357,1.65313,1.3755,1.16138,0.09797,0.15868,0.09764,0.02317,2.31871,3.57216,1.64241,8.8842e-05,8.8842e-05,8.8842e-05
41,525.912,1.47706,1.22165,1.04753,0.09179,0.1621,0.0946,0.02207,2.28615,3.49909,1.63502,8.32e-05,8.32e-05,8.32e-05
42,542.958,1.63696,1.37642,1.09932,0.09179,0.1621,0.0946,0.02207,2.28615,3.49909,1.63502,7.7162e-05,7.7162e-05,7.7162e-05
43,557.089,1.49463,1.17816,1.05834,0.38152,0.14488,0.09511,0.02284,2.30613,3.47754,1.6436,7.0728e-05,7.0728e-05,7.0728e-05
44,571.933,1.37417,1.17646,0.99443,0.38152,0.14488,0.09511,0.02284,2.30613,3.47754,1.6436,6.3898e-05,6.3898e-05,6.3898e-05
45,586.804,1.58781,1.17567,1.01399,0.36326,0.11016,0.08664,0.02085,2.28119,3.49699,1.63585,5.6672e-05,5.6672e-05,5.6672e-05
46,601.141,1.4615,1.13872,1.02931,0.36326,0.11016,0.08664,0.02085,2.28119,3.49699,1.63585,4.905e-05,4.905e-05,4.905e-05
47,616.291,1.55371,1.12335,1.06765,0.39285,0.09646,0.07934,0.01956,2.28516,3.5335,1.61904,4.1032e-05,4.1032e-05,4.1032e-05
48,631.881,1.46073,1.04424,1.00516,0.39285,0.09646,0.07934,0.01956,2.28516,3.5335,1.61904,3.2618e-05,3.2618e-05,3.2618e-05
49,646.131,1.46917,1.12483,1.05328,0.381,0.09989,0.07666,0.01813,2.30832,3.5451,1.63744,2.3808e-05,2.3808e-05,2.3808e-05
50,660.158,1.49097,1.1054,1.03682,0.381,0.09989,0.07666,0.01813,2.30832,3.5451,1.63744,1.4602e-05,1.4602e-05,1.4602e-05
