componentid,Stockwerk,Raum,Bemerkung,FI,Leiter,Gruppe,Sicherung,Relais,Dimmer,Ausgang,Eingang,Kabel Info,Typ,Info ,Beschr. ,Stockwerk,SPS Position im array
1,Keller,Heizraum,Pumpe Wärmetauscher Solar,,L3,K-HEIZ03,S1,1,,,,,PD,Dose,Pumpe Wärmetauscher Solar,KG,
2,Keller,Heizraum,Pumpe Solar,,L3,K-HEIZ03,S1,1,,,,,PD,Dose,Pumpe Solar,KG,
3,Obergeschoß,Haustechnik,Dimmer Reset L1 OG,,L1,,S12,R18.2,,R2M4Sl0Pr02,,,,,,OG,155
4,Obergeschoß,Haustechnik,Dimmer Reset L2 OG,,L2,,S6,R49,,R2M6Sl0Pr05,,,,,,OG,156
5,Erdgeschoss,Wohnzimmer,E-DO04,,L2,E-DO15,S15,???,,,,,DO,Dose,Wohnzimmer,EG,
6,Keller,Heizraum,240V,,,K-HEIZ01,S21,direkt,,R0M11Sl0Pr0,,,VE,Dose,Stellantriebe Heizungsverteiler EG,KG,
7,Keller,Heizraum,240V,,,K-HEIZ01,S21,direkt,,R0M11Sl0Pr1,,,Ve,Dose,Stellantriebe Heizungsverteiler EG,KG,
8,Keller,Heizraum,240V,,,K-HEIZ01,S21,direkt,,R0M11Sl0Pr2,,,VE,Dose,Stellantriebe Heizungsverteiler EG,KG,
9,Keller,Heizraum,240V,,,K-HEIZ01,S21,direkt,,R0M11Sl0Pr3,,,VE,Dose,Stellantriebe Heizungsverteiler EG,KG,
10,Keller,Heizraum,240V,,,K-HEIZ01,S21,direkt,,R0M11Sl0Pr4,,,VE,Dose,Stellantriebe Heizungsverteiler EG,KG,
11,Keller,Heizraum,240V,,,K-HEIZ01,S21,direkt,,R0M11Sl0Pr5,,,VE,Dose,Stellantriebe Heizungsverteiler EG,KG,
12,Keller,Heizraum,240V,,,K-HEIZ01,S21,direkt,,R0M11Sl0Pr6,,,VE,Dose,Stellantriebe Heizungsverteiler EG,KG,
13,Keller,Heizraum,240V,,,K-HEIZ01,S21,direkt,,R0M11Sl0Pr7,,,VE,Dose,Stellantriebe Heizungsverteiler EG,KG,
14,Keller,Heizraum,240V,,,K-HEIZ01,S21,direkt,,R1M0Sl0Pr0,,,VE,Dose,Stellantrieb Heizung FB Keller,KG,
15,Keller,Heizraum,240V,,,K-HEIZ01,S21,direkt,,R1M0Sl0Pr1,,,VE,Dose,,KG,
16,Keller,Heizraum,240V,,,K-HEIZ01,S21,direkt,,R1M0Sl0Pr2,,,VE,Dose,,KG,
17,Keller,Heizraum,240V,,,K-HEIZ01,S21,direkt,,R1M0Sl0Pr3,,,VE,Dose,Stellantriebe Heizungsverteiler EG,KG,
18,Keller,Heizraum,240V,,,K-HEIZ01,S21,direkt,,R1M0Sl0Pr5,,,VE,Dose,Stellantrieb Heizung Keller Radiatoren,KG,
19,Keller,Heizraum,240V,,,K-HEIZ01,S21,direkt,,R1M0Sl0Pr7,,,VE,Dose,Stellantrieb Heizung Keller Radiatoren,KG,
20,Keller,Heizraum,240V,,,K-HEIZ01,S21,direkt,,R1M0Sl0Pr4,,,VE,Dose,Stellantrieb Heizung Keller Radiatoren,KG,
21,Keller,Heizraum,240V,,,K-HEIZ01,S21,direkt,,R1M0Sl0Pr6,,,VE,Dose,Stellantrieb Heizung FB Keller,KG,
22,Erdgeschoss,Bad,Strom für Spülung Pissoire,,L3,,S6,nein,,,,,,Dose dauer,Strom für Spülung Pissoire,EG,
23,Erdgeschoss,Garderobe,E-Dod09 (in Summe  nur 4! Nicht 5!),,L3,E-DO02,S6,nein,,,,,,Dose dauer,,NoSPS,
24,Erdgeschoss,Gästezimmer,E-DOd01/E-Dod02,,L3,E-DO02,S6,nein,,,,,,Dose dauer,,NoSPS,
25,Erdgeschoss,Küche,E-DO07 Küche Abwasch,,L1,,S25,nein,,,,,,Dose dauer,,EG,
26,Erdgeschoss,Küche,E-DOd07,,,,S31,nein,,,,,,Dose dauer,,EG,
27,Erdgeschoss,Küche,Kochinsel 230V,,,,S31,nein,,,,,,Dose dauer,,EG,
28,Erdgeschoss,Wohnzimmer,E-DO400V-01,,L,E-DO05,gleich wie *,nein,,,,,,Dose dauer 400V,,EG,
29,Erdgeschoss,Wohnzimmer,E-Dod04,,L1,E-DO03,S25,nein,,,,,,Dose dauer,,NoSPS,
30,Erdgeschoss,Wohnzimmer,Kochinsel 400 V,,L,,gleich wie *,nein,,,,,,Dose dauer 400V,,EG,
31,Keller,Flur,K03DOd,,L3,K-DO01,S2,nein,,,,,,Dose Dauer,auf zweite durchgeschliffen,NoSPS,
32,Keller,Speis,K010-Dod(hinten),,L2,K-DO05,S13,nein,,,,,,Dose dauer,,KG,
33,Keller,Speis,K09-Dod(vorne),,L2,K-DO05,S13,nein,,,,,,Dose dauer,,KG,
34,Keller,Werkstatt 1 ,K-07DOd (hinten),,,K-DO02,S32,nein,,,,,DO,Dose dauer,,NoSPS,
35,Keller,Werkstatt 1 ,K08-Dod(vorne),,L3,K-DO01,S2,nein,,,,,DO,Dose dauer,,KG,
36,Keller,Werkstatt 1 ,Licht hinten,,L1,K-LI01,S20,R1,,R0M2Sl0Pr0,,,LS,Licht,,EG,
37,Obergeschoß,Haustechnik,Dimmer Reset L3 OG,,L3,,S5,R54,,R2M2Sl0Pr13,,,,,,OG,157
38,Obergeschoß,Ankleide,Dose Südwand,,L2,O-DO04,S16,R200,,R3M5Sl0Pr6,,,,Dose,Südwand,OG,
39,Keller,Waschraum,Licht Decke ,,L1,K-LI01,S20,R10,,R0M2Sl0Pr9,,,LS,Licht,,EG,
40,Obergeschoß,Ankleide,Licht Kasten,,,,S16,R205,,R3M5Sl0Pr1,,,,Licht,Kasten,OG,
41,Obergeschoß,Ankleide,Dose Terminal,,,,S14,R302,,R3M7Sl0Pr0,,,,Dose,Terminal,OG,
42,Obergeschoß,Ankleide,RESERVE RESERVE,,L2,,S7,R306,,R3M7Sl0Pr04,,,,RESERVE,RESERVE,OG,
43,Obergeschoß,Ankleide,Licht Decke,,L2,O-DO04,S7,R305,,R3M7Sl0Pr03,,,,Licht,Decke,OG,
44,Obergeschoß,Ankleide,Licht Schrank rechts,,,O-DO04,S11,,,,,,,Licht,Schrank rechts,OG,
45,Obergeschoß,Ankleide,Licht Schrank links,,,O-DO04,S11,,,,,,,Licht,Schrank links,OG,
46,Obergeschoß,Ankleide,Fensterkontakt,,,,,,,,,,,Fensterkontakt,,OG,
47,Obergeschoß,Ankleide,Fensterkontakt Schrank rechts,,,,,,,,,,,Fensterkontakt,Schrank rechts,OG,
48,Obergeschoß,Ankleide,Fensterkontakt Schrank blinks,,,,,,,,,,,Fensterkontakt,Schrank blinks,OG,
49,Obergeschoß,Ankleide,Dose Nordwand,,L1,O-DO07,S3,R24,,R3M1Sl0Pr7,,,,Dose,Nordwand,OG,
50,Obergeschoß,Ankleide,Taster Staubsauganlage (zusammengefasst),,,,,,,,R2M3SloPr14,,,Taster,Staubsauganlage (zusammengefasst),OG,
51,Obergeschoß,Ankleide,Taster Tür,,,,,,,,R2M5Sl0Pr10,,,Taster,Tür,OG,
52,Keller,Speis,Licht,,L1,K-LI01,S20,R11,,R0M2Sl0Pr10,,,LS,Licht,,EG,
53,Obergeschoß,Ankleide,Taster Tür,,,,,,,,R2M5Sl0Pr14,,,Taster,Tür,OG,
54,Obergeschoß,Aussen,Licht LED Fluter W,,,,SAussen,R70.3,,R3M5Sl0Pr11,,,,Licht,LED Fluter W,OG,116
55,Obergeschoß,Aussen,Licht LED Fluter N,,,,SAussen,R71,,R3M5Sl0Pr10,,,,Licht,LED Fluter N,OG,117
56,Obergeschoß,Aussen,Licht außen Balkon Ost,,,O-LIA01,SAussen,R70.1,,R3M5Sl0Pr13,,,,Licht,außen Balkon Ost,OG,121
57,Obergeschoß,Aussen,Licht LED Fluter S,,,,SAussen,R73,,R3M5Sl0Pr8,,,,Licht,LED Fluter S,OG,119
58,Obergeschoß,Aussen,Licht LED Fluter O,,,,SAussen,R72,,R3M5Sl0Pr9,,,,Licht,LED Fluter O,OG,120
59,Erdgeschoss,Bad,Bad Decke,,L2,,S8,R32,,R2M7Sl0Pr6,,,LS,Licht,Bad Decke,OG,
60,Erdgeschoss,Bad,WC Decke,,L2,,S8,R33,,R2M7Sl0Pr5,,,LS,Licht,WC Decke,OG,
61,Erdgeschoss,Bad,WC Wand,,L2,,S8,direkt,D2.1,R2M7Sl0Pr4,funktioniert nicht ??,,LD,Licht,WC Wand,OG,
62,Keller,Heizraum,Heizungspumpe groß,,L1,K-HEIZ01,S21,R12,,R0M2Sl0Pr11,,,PD,Dose,Heizungspumpe groß,KG,
63,Erdgeschoss,Bad,Bad Wand 1/2,,L2,,S8,direkt,D2.3,R2M7Sl0Pr3,,,LD,Licht braun,Bad Wand,OG,
64,Keller,Heizraum,Heizungspumpe Keller Radiatoren,,L1,K-HEIZ01,S21,R13,,R0M2Sl0Pr12,,,PD,Dose,Heizungspumpe Keller Radiatoren,KG,
65,Erdgeschoss,Bad,Bad Wand 2/2,,L2,,S8,direkt,D2.2,R2M7Sl0Pr2,,,LD,Licht schwarz => nicht angehängt im Bad,Bad Wand,OG,
66,Keller,Heizraum,Pumpe Zirkulation WW,,L1,K-HEIZ01,S21,R14,,R0M2Sl0Pr13,,,PD,Dose,Pumpe Zirkulation WW,KG,
67,Obergeschoß,Aussen,Licht Balkon West,,aussen,,SAussen,R70.2,,R3M5Sl0Pr12,,,,Licht,Balkon West,OG,118
68,Keller,Heizraum,Licht Hozlraum,,L1,K-HEIZ01,S21,R15,,R0M2Sl0Pr14,,,DO,Dose,Stellantrieb Mischer 1,KG,
69,Erdgeschoss,Wohnzimmer,Dose Nordwand 1,,L3,,S4,R16,,,,,,Dose,,EG,
70,Keller,Wohnzimmer,Dose Nordwand 1/3,,L1,K-HEIZ01,S4,R16,,R0M2Sl0Pr15,,,,,,EG,
71,Obergeschoß,Büro,Taster Gang bei KZ Süd,,,,,,,,R2M1Sl0Pr08,,,Taster,Gang bei KZ Süd,OG,
72,Erdgeschoss,Wohnzimmer,Dose Nordwand 2,,L3,,S4,R17,,,,,,Dose,,EG,
73,Keller,Heizraum,Dose Nordwand 2/3,,L1,K-HEIZ01,S4,R17,,R0M4Sl0Pr0,,,,,,KG,
74,Obergeschoß,Büro,Dose Bei Balkontüre,,L1,O-DO05,S15,R1,,R2M6Sl0Pr04,,,,Dose,Bei Balkontüre,OG,
75,Erdgeschoss,Wohnzimmer,Dose Nordwand 3,,L3,,S4,R18,,,,,,Dose,,EG,
76,Keller,Heizraum,Dose Nordwand 3/3,,L1,K-HEIZ01,S4,R18,,R0M4Sl0Pr1,,,,,,KG,
77,Obergeschoß,Büro,Dose bei Kamin,,L1,O-DO05,S15,R2,,R2M6Sl0Pr03,,,,Dose,bei Kamin,OG,
78,Obergeschoß,Büro,Dose bei Kamin,,L1,O-DO05,S15,R3,,R2M6Sl0Pr02,,,,Dose,bei Kamin,OG,
79,Obergeschoß,Büro,Dose bei Kamin,,L1,O-DO05,S15,R4,,R2M6Sl0Pr01,,,,Dose,bei Kamin,OG,
80,Keller,Holzraum,K-DO08 (hinten) (Pumpe Grauwasser),,L1,K-INFRA01,S22,R19,,R0M4Sl0Pr2,,,DO,Dose,geschalten für Pumpe,KG,
81,Obergeschoß,Lounge,Licht Wand (3 auslässe) Bodenfluter bei KZ-braun,,L2,O-LI06,S6,R43,,R2M6Sl0Pr11,,,,Licht,Wand (3 auslässe) Bodenfluter bei KZ-braun,OG,
82,Keller,Werkstatt 1 ,Licht vorne,,L1,K-LI01,S20,R2,,R0M2Sl0Pr1,,,LS,Licht,,EG,
83,Obergeschoß,Lounge,Licht Wand (3 auslässe) Bodenfluter bei KZ-schwarz,,L2,O-LI06,S6,R44,,R2M6Sl0Pr10,,,,Licht,Wand (3 auslässe) Bodenfluter bei KZ-schwarz,,
84,Keller,Holzraum,K-DO09 (vorne) (Pumpwerk),,L1,K-INFRA01,S22,R20,,R0M4Sl0Pr3,,,DO,Dose,geschalten für Pumpwerk,KG,läuft druckgesteuert
85,Obergeschoß,Lounge,Licht LED Band Stufenlicht,,L2,O-LI06,S6,R45,,R2M6Sl0Pr09,,,,Licht,LED Band Stufenlicht,OG,164
86,Obergeschoß,Lounge,Dose bei Bad/KZ1,,L3,,S1,R65,,R2M2Sl0Pr02,,,,Dose,bei Bad/KZ1,OG,
87,Obergeschoß,Lounge,RESERVE zu dachfenster Nord über Nebenverteiler in KZ Nord durchgeschliffen in Lichtauslaß Lounge Deckenleuchte über Kbad violett (nicht verbunden in Zwischenverteiler),,L1,,S6,,,,,,,RESERVE,zu dachfenster Nord über Nebenverteiler in KZ Nord durchgeschliffen in Lichtauslaß Lounge Deckenleuchte über Kbad violett (nicht verbunden in Zwischenverteiler),OG,
88,Obergeschoß,Lounge,RESERVE zu dachfenster Nord über Nebenverteiler in zw.Wand KZ durchgeschliffen in Lichtauslaß Lounge Deckenleuchte über Kbad schwarz (nicht verbunden in Zwischenverteiler),,L1,,S6,,,,,,,RESERVE,zu dachfenster Nord über Nebenverteiler in zw.Wand KZ durchgeschliffen in Lichtauslaß Lounge Deckenleuchte über Kbad schwarz (nicht verbunden in Zwischenverteiler),OG,
89,Obergeschoß,Lounge,Dose Wäscheschacht,,L3,,S1,R67,,R2M2Sl0Pr0,,,,Dose,Wäscheschacht,OG,
90,Obergeschoß,Büro,Licht außen Balkon,,L1,O-LIA01,Saussen,RA4,,,,,,Licht,außen Balkon,OG,
91,Obergeschoß,Lounge,Licht Dimmbar Lounge Decke Hauptlicht einzel,,L2,O-LI06,S6,direkt 24V,D2.6 (schwarz),R3M7Sl0Pr15,,,,Licht Dimmbar,Lounge Decke Hauptlicht einzel,OG,167
92,Keller,Waschraum,3.04 Pumpensumpf vorne (mit schwimmer),,L1,K-INFRA01,S22,R21,,R0M4Sl0Pr4,,,DO,Dose,pumpe,KG,42
93,Obergeschoß,Lounge,Licht Dimmbar Decke Lounge bei KZ/Kbad (2 ausgänge),,L2,O-LI06,S6,direkt 24V,D2.5 (violett),R4M1Sl0Pr0,,,,Licht Dimmbar,Decke Lounge bei KZ/Kbad (2 ausgänge),OG,169
94,Erdgeschoss,Garderobe,E-DO12 (Terminal),,L1,K-INFRA01,S22,R22,,R0M4Sl0Pr5,,,DO,Terminal,,EG,
95,Keller,Waschraum,K05DO6 ,,L1,K-DO03,S23,R23,,R0M4Sl0Pr6,,,DO,Dose,,KG,
96,Obergeschoß,Lounge,Licht Dimmbar Zentrale Wand von oben,,L2,O-LI06,S6,direkt 24V,D2.4 (braun),R4M1Sl0Pr1,,,,Licht Dimmbar,Zentrale Wand von oben,OG,168
97,Keller,Waschraum,K05DO7,,L1,K-DO03,S23,R24,,R0M4Sl0Pr7,,,,,,KG,
98,Obergeschoß,Büro,Licht Dimmbar Decke - Büro (2 auslässe durchgeschliffen),,L2,O-LI06,S6,direkt 24V,D2.7,,,,,Licht Dimmbar,Decke - Büro (2 auslässe durchgeschliffen),OG,
99,Keller,Waschraum,Lüftung,,L1,,S23,R25,,R0M4Sl0Pr8,,,DO,Lüftung,Lüftung,EG,
100,Obergeschoß,Büro, ,,,,,,,,R2M6Sl0Pr05,,,,,OG,
101,Keller,Wellnessbereich,Lüftung Dusche,,L1,K-DO03,S23,R26,,R0M4Sl0Pr9,,,DO,Lüftung,Dusche,EG,
102,Obergeschoß,Büro,Fensterkontakt Fenster 1 Süd,,,,,,,,,,,Fensterkontakt,Fenster 1 Süd,OG,
103,Keller,Werkstatt 2,K-05DO4,,L1,K-DO06,S23,R27,,R0M4Sl0Pr10,,,DO,Dose,,KG,
104,Obergeschoß,Büro,Fensterkontakt Fenster 2 Süd,,,,,,,,,,,Fensterkontakt,Fenster 2 Süd,OG,
105,Keller,Werkstatt 2,K-05DO5,,L1,K-DO06,S23,R28,,R0M4Sl0Pr11,,,DO,Dose,,KG,
106,Obergeschoß,Büro,Fensterkontakt Fenster Nord,,,,,,,,,,,Fensterkontakt,Fenster Nord,OG,
107,Obergeschoß,Büro,Fensterkontakt Fenster,,,,,,,,,,,Fensterkontakt,Fenster,OG,
108,Erdgeschoss,Garderobe,E-DO09,,L1,E-DO01,S24,R29,,R0M4Sl0Pr12,,,DO,Dose,,EG,
109,Obergeschoß,Büro,Fensterkontakt Balkontüre,,,,,,,,R2M6Sl0Pr02,,,Fensterkontakt,Balkontüre,OG,
110,Keller,Heizraum,Licht,,L1,K-LI01,S20,R3,,R0M2Sl0Pr2,,,LS,Licht,,EG,
111,Obergeschoß,Büro,Dose 16A Holzwand,,L2,,,na,,na,,,,Dose 16A,Holzwand,OG,
112,Erdgeschoss,Garderobe,E-DO010 schrank hinten ??,,L1,E-DO01,S24,R30,,R0M4Sl0Pr13,,,DO,Dose,,EG,
113,Obergeschoß,Büro,Dose 16A Fenster,,L3,,,na,,na,,,,Dose 16A,Fenster,OG,
114,Obergeschoß,Büro,Dose 16A Balkon,,L1,,,na,,na,,,,Dose 16A,Balkon,OG,
115,Obergeschoß,Büro,Dose unter Fenster,,,,S3,,,,,,,Dose,unter Fenster,OG,
116,Obergeschoß,Lounge,Rauchmelder NOCH NICHT IN SPS! Checken ob M0 passt da 16er,,,,,,,,R3M0Sl0Pr8,"Kabel wird in Ankleide in Wand zu Büro gesteckt, nur Rauchmelder, kein Status auf Weiß/Rot",RM,Rauchmelder,NOCH NICHT IN SPS! Checken ob M0 passt da 16er,OG,
117,Obergeschoß,Büro,Blumengießanlage,,,,,,,,,,,Blumengießanlage,,OG,
118,Obergeschoß,Lounge,Temp oben bei Rauchmelder (weiß/grün es kabel noch nicht angeschlossen),,,,,,,,,,,Temp,oben bei Rauchmelder (weiß/grün es kabel noch nicht angeschlossen),OG,
119,Erdgeschoss,Garderobe,E-DO11 west,,L1,E-DO01,S24,R31,,R0M4Sl0Pr14,,,DO,Dose,,EG,
120,Obergeschoß,Lounge,Temp 7.03,,,,,,,,R2M0Sl0Pr0,,,Temp,7.03,OG,
121,Obergeschoß,Lounge,Rauchmelder Status NOCH NICHT IN SPS! Checken ob M0 passt da 16er,,,,,,,,R3M0Sl0Pr11,Kabel wird in Ankleide in Wand zu Büro gesteckt,RM Status,Rauchmelder Status,NOCH NICHT IN SPS! Checken ob M0 passt da 16er (Alarmmelder (default high),OG,
122,Obergeschoß,Büro,IR,,,,,,,,,,,IR,,OG,
123,Obergeschoß,Büro,Dose PC Terminal,,,Infra,Infra,R_inf1,,R3M5Sl0Pr7,,,,Dose,PC Terminal,OG,
124,Erdgeschoss,Garderobe,E-DO08 schrank vorne,,L1,E-DO01,S24,R32,,R0M4Sl0Pr15,,,DO,Dose,,EG,
125,Erdgeschoss,Gästezimmer,E-DO01,,L1,E-DO01,S24,R33,,R0M6Sl0Pr0,,,DO,Dose,,EG,
126,Obergeschoß,Büro,Dose Stellantriebe Heizung,,Infra,,,,,,,,,Dose,Stellantriebe Heizung,OG,
127,Keller,Heizraum,Kessel strom,,L2,K-HEIZ02,S10,R34,,R0M6Sl0Pr4,,,DO,Dose,Kessel strom,KG,
128,Obergeschoß,Büro,Taster Gang bei KZ Nord,,,,,,,,R2M3Sl0Pr05,,,Taster,Gang bei KZ Nord,OG,
129,Keller,Heizraum,Ventil Grauwasser,,L2,K-HEIZ02,S10,R35,,R0M6Sl0Pr5,,,PD,Dose,Ventil Grauwasser,KG,
130,Obergeschoß,Büro,Taster zu Bad,,,,,,,,R2M3Sl0Pr06,,,Taster,zu Bad,OG,
131,Keller,Heizraum,Dose für Staubsauganlage,,L2,K-INFRA02,S11,R36,,R0M6Sl0Pr6,,,DO,Dose,Staubsauganlage,KG,
132,Obergeschoß,Büro,Taster Gang zwischen KZ,,,,,,,,R2M3Sl0Pr09,,,Taster,Gang zwischen KZ,OG,
133,Erdgeschoss,Flur,Licht Decke 2/2,,L2,E-LI01,S8,R37.2,,noch keine SPS klemme!,,,LS,Licht,Decke 2/2,OG,noch keine
134,Keller,Waschraum,3.05 Pumpe ohne schwimmer,,L2,K-INFRA02,S11,R37,,R0M6Sl0Pr7,,,DO,Dose,pumpe,KG,43
135,Obergeschoß,Büro,Taster Terminal,,,,,,,,R2M3Sl0Pr13,,,Taster,Balkon,OG,
136,Keller,Werkstatt 2,Licht,,L2,K-LI02,S12,R38,,R0M6Sl0Pr8,,,LS,Licht,Decke,EG,
137,Keller,Wellnessbereich,Licht Dusche,,L2,K-LI02,S12,R39,D1,R0M6Sl0Pr9,,,LD,Licht,Dusche,EG,
138,Obergeschoß,Büro,Taster Balkon,,,,,,,,R2M5Sl0Pr03,,,Taster,Balkon,OG,
139,Keller,Holzraum,Licht Holzraum,,L1,,S20,R4,,,,,LI,Licht,Holzraum,KG,
140,Keller,Wohnzimmer,Dose Süd Mitte,,L1,K-LI01,S20,R4,,R0M2Sl0Pr3,,,DO,Dose,,EG,
141,Obergeschoß,Büro,Taster Balkon,,,,,,,,R2M5Sl0Pr04,,,Taster,Balkon,OG,
142,Keller,Wellnessbereich,Licht Hauptlicht,,L2,K-LI02,S12,R40,D2,R0M6Sl0Pr10,,,LD,Licht,Hauptlicht,EG,
143,Obergeschoß,Büro,Taster zu Schlafzimmer (weiss),,,,,,,,R2M5Sl0Pr06,,,Taster,zu Schlafzimmer (weiss),OG,
144,Keller,Wellnessbereich,Licht Werkbank,,L2,K-LI02,S12,R41,D3,R0M6Sl0Pr11,,,LD,Licht,Werkbank,EG,
145,Keller,Wellnessbereich,Licht Sauna,,L2,K-LI02,S12,R42,D4,R0M6Sl0Pr12,,,LD,Licht,Sauna,EG,
146,Keller,Wellnessbereich,Licht Wand braun,,L3,K-LI03,S12,R43,D5,R0M6Sl0Pr13,,,LD,Licht,Wand braun,EG,
147,Obergeschoß,Büro,Taster zu Schlafzimmer (rot),,,,,,,,R2M5Sl0Pr07,,,Taster,zu Schlafzimmer (rot),OG,
148,Obergeschoß,Büro,Dose Bei Eckfenster,,L3,O-DO09,S3,R116,,R3M1Sl0Pr14,,,,Dose,Bei Eckfenster,OG,
149,Obergeschoß,Büro,Dose Bei Eckfenster,,L3,O-DO09,S3,R117,,R3M1Sl0Pr13,,,,Dose,Bei Eckfenster,OG,
150,Obergeschoß,Büro,Dose Leinwand Strom,,,,S3,R118,,R3M1Sl0Pr12,,,,Dose,Leinwand Strom,OG,
151,Keller,Wellnessbereich,Licht Wand schwarz,,L3,K-LI03,S12,R44,D6,R0M6Sl0Pr14,,,LD,Licht,Wand schwarz,EG,
152,Erdgeschoss,Wohnzimmer,E-DO02 2 schreibtisch,,L2,E-DO15,S15,R45,,R0M6Sl0Pr15,,,DO,Dose,Wohnzimmer,EG,
153,Obergeschoß,Elternbad,Taster Badewanne,,,,,,,,R2M3Sl0Pr10,,,Taster,Badewanne,OG,
154,Erdgeschoss,Wohnzimmer,E-DO03 Süd rechts,,L2,E-DO15,S15,R46,,R0M8Sl0Pr0,,,DO,Dose,Wohnzimmer,EG,
155,Keller,Leer,Reserve,,,,S15,R47,,R0M8Sl0Pr1,,,,,,KG,
156,Erdgeschoss,Wohnzimmer,E-DO05 süd mitte links,,L2,E-DO15,S15,R48,,R0M8Sl0Pr2,,,DO,Dose,Wohnzimmer,EG,
157,Erdgeschoss,Wohnzimmer,E-DO06 süd links,,L2,E-DO15,S15,R49,,R0M8Sl0Pr3,,,DO,Dose,Wohnzimmer,EG,
158,Obergeschoß,Elternbad,Taster Badewanne2,,,,,,,,R2M3Sl0Pr11,,,Taster,Badewanne2,OG,
159,Obergeschoß,Elternbad,Taster WC,,,,,,,,R2M3Sl0Pr12,,,Taster,WC,OG,
160,Obergeschoß,Elternbad,Licht Dimmbar Ecke zu WC,,L3,O-LI05,S5,direkt 24V,,R3M7Sl0Pr9,,,,Licht Dimmbar,Ecke zu WC,OG,
161,Obergeschoß,Elternbad,Dose WC,,L2,O-DO04,S16,R202,,R3M5Sl0Pr4,,,,Dose,WC,OG,
162,Obergeschoß,Elternbad,Licht Spiegel Waschbecken (Verbraucher noch nicht angeschlossen),,L3,O-LI05,S10,R21,,R3M1Sl0Pr9,,,,Licht,Spiegel Waschbecken (Verbraucher noch nicht angeschlossen),OG,
163,Keller,Flur,Licht Hauptlicht,,L1,K-LI01,S20,R5,,R0M2Sl0Pr4,,,LS,Licht,Hauptlicht,EG,
164,Erdgeschoss,Aussen,Licht Terrasse Ost,,L2,E-LIA02,S16,R50,,R0M8Sl0Pr4,,,LS,Licht,Terrasse Ost,EG,88
165,Obergeschoß,Elternbad,Dose Südwand,,L1,O-DO07,S3,R23,,R3M1Sl0Pr6,,,,Dose,Südwand,OG,
166,Erdgeschoss,Aussen,Licht Terrasse Ost,,L2,E-LIA02,S16,R51,,R0M8Sl0Pr5,,,LS,Licht,Terrasse Ost,EG,89
167,Obergeschoß,Elternbad,Dose Südwand 1,,,,S10,R25,,R3M1Sl0Pr5,,,,Dose,Südwand 1,OG,
168,Erdgeschoss,Aussen,Dose Terrasse NordOst Dose Aussen,,L2,E-LIA02,S16,R52,,R0M8Sl0Pr6,,,DO,Dose,Terrasse NordOst Dose Aussen,EG,91
169,Erdgeschoss,Aussen,Licht TerrasseNordOst 2x,,L2,E-LIA02,S16,R53,,R0M8Sl0Pr7,,,LS,Licht,TerrasseNordOst 2x,EG,
170,Erdgeschoss,Aussen,Licht außen weg Süden,,L2,E-LIA02,S16,R54,,R0M8Sl0Pr8,,,LS,Licht,außen weg Süden,EG,
171,Obergeschoß,Elternbad,Dose Waschbecken links (Verbraucher noch nicht angeschlossen),,L1,O-DO07,S10,R28,,R3M1Sl0Pr2,,,,Dose,Waschbecken links (Verbraucher noch nicht angeschlossen),OG,
172,Obergeschoß,Elternbad,Dose Badewanne (Verbraucher noch nicht angeschlossen),,,,S14,R300,,R3M5Sl0Pr14,,,,Dose,Badewanne (Verbraucher noch nicht angeschlossen),OG,
173,Obergeschoß,Elternbad,Dose Badewanne2 (Verbraucher noch nicht angeschlossen),,,,S14,R301,,R3M5Sl0Pr15,,,,Dose,Badewanne2 (Verbraucher noch nicht angeschlossen),OG,
174,Obergeschoß,Elternbad,Dose Waschbecken rechts,,L1,O-DO07,S14,R303,,R3M7Sl0Pr01,,,,Dose,Waschbecken rechts,OG,
175,Keller,Heizraum,RESERVE,,L3,K-HEIZ03,S1,R55,,R0M8Sl0Pr9,,,DO,Dose,RESERVE,KG,
176,Obergeschoß,Elternbad,Licht LED WC Elternbad,,L3,O-LI05,S5,R51,,R2M4Sl0Pr0,,,,Licht,LED WC Elternbad,OG,73
177,Keller,Leer,Reserve,,,,S1,R56,,R0M8Sl0Pr10,,,,,,KG,
178,Obergeschoß,Elternbad,Licht WC Haupt,,L3,O-LI05,S5,R50,,R2M4Sl0Pr1,,,,Licht,WC Haupt,OG,17
179,Keller,Leer,Reserve,,,,S1,R57,,R0M8Sl0Pr11,,,,,,KG,
180,Erdgeschoss,Aussen,E-LiAussen11 bei Garderobe,,L3,E-LIA01,S5,R58,,R0M8Sl0Pr12,,,LS,Licht,außen,EG,
181,Obergeschoß,Elternbad,Licht Dimmbar Decke,,L3,O-LI05,S5,direkt 24V,,R3M7Sl0Pr10,,,,Licht Dimmbar,Decke,OG,
182,Erdgeschoss,Aussen,E-LIAussen 05,,L3,E-LIA01,S5,R59,,R0M8Sl0Pr13,,,LS,Licht,Terrasse West,EG,85
183,Obergeschoß,Elternbad,Licht Dimmbar Decke Dusche,,L3,O-LI05,S5,direkt 24V,,R3M7Sl0Pr8,,,,Licht Dimmbar,Decke Dusche,OG,
184,Keller,Flur,Licht Stiegenaufgang ,,L1,K-LI01,S20,R6,,R0M2Sl0Pr5,,,LS,Licht,Stiegenaufgang,EG,
185,Obergeschoß,Elternbad,Licht Dimmbar Duschleiste,,L3,O-LI05,S5,direkt 24V,,R3M7Sl0Pr7,,,,Licht Dimmbar,Duschleiste,OG,
186,Erdgeschoss,Aussen,E-LIAussen03,,L3,E-LIA01,S5,R60,,R0M8Sl0Pr14,,,LS,Licht,Terrasse West,EG,87
187,Obergeschoß,Elternbad,Fensterkontakt Bad (gelb/weiss),,,,,,,,R3M1Sl0Pr6,,,Fensterkontakt,Bad (gelb/weiss),OG,
188,Erdgeschoss,Aussen,E-LIAussen04,,L3,E-LIA01,S5,R61,,R0M8Sl0Pr15,,,LS,Licht,Terrasse West,EG,
189,Obergeschoß,Elternbad,Fensterkontakt WC,,,,,,,,R2M6Sl0Pr01,,,Fensterkontakt,WC,OG,
190,Erdgeschoss,Aussen,E-LiAussen10,,L3,E-LIA01,S5,R62,,R0M10Sl0Pr0,,,LS,Licht,Stiege außen,EG,
191,Obergeschoß,Elternbad,Temp ?? Kein auslass?,,,,,,,,,,,Temp,?? Kein auslass?,OG,
192,Erdgeschoss,Bad,Bad licht spiegel 1/2,,L3,,S6,R63,,R0M10Sl0Pr1,,,LS,Licht,Licht Spiegel,EG,
193,Obergeschoß,Elternbad,Dose Heizung,,L1,O-DO07,S3,R114,,R3M3Sl0Pr0,,,,Dose,Heizung,OG,
194,Erdgeschoss,Bad,Bad licht spiegel 2/2,,L3,,S6,R64,,R0M10Sl0Pr2,,,LS,Licht,Licht Spiegel,EG,
195,Obergeschoß,Elternbad,Taster Türe,,,,,,,,R2M5Sl0Pr12,,,Taster,Bei Türe 1,OG,
196,Obergeschoß,Elternbad,Taster Bei Türe 2,,,,,,,,R2M5Sl0Pr13,,,Taster,Bei Türe 2,OG,
197,Erdgeschoss,Bad,Licht bei Waschbecken,,L3,,S6,R65,,R0M10Sl0Pr3,,,LD,Licht,Licht bei Waschbecken,EG,
198,Obergeschoß,Kinderbad,Dose bei Heizung,,,,S9,R29,,,,,,Dose,bei Heizung,NoSPS,
199,Erdgeschoss,Flur,E-DOd03 (jetzt über Relais),,L3,E-DO02,S6,R66,,R0M10Sl0Pr4,,,DO,Dose,,EG,
200,Erdgeschoss,Flur,Licht Auf Treppenabsatz,,L1,E-LIW01,S13,R10,,R2M4Sl0Pr11,,,LD,Licht,Auf Treppenabsatz,OG,
201,Erdgeschoss,Flur,E-Li01,,L2,E-LI01,S15,R67,,R0M10Sl0Pr5,,,LD,Licht,Wand,EG,
202,Erdgeschoss,Flur,Licht Auf Treppenabsatz,,L1,E-LIW01,S13,R11,,R2M4Sl0Pr10,,,LS,Licht,Auf Treppenabsatz,OG,
203,Erdgeschoss,Flur,E-Li02,,L2,E-LI01,S15,R68,,R0M10Sl0Pr6,,,LD,Licht,Wand,EG,
204,Erdgeschoss,Flur,E-Li03,,L2,E-LI01,S15,R69,,R0M10Sl0Pr7,,,LD,Licht,Wand,EG,
205,Keller,Flur,Licht Stiegenaufgang ,,L1,K-LI01,S20,R7,,R0M2Sl0Pr6,,,LS,Licht,Stiegenaufgang,EG,
206,Erdgeschoss,Flur,E-Li04,,L2,E-LI01,S15,R70,,R0M10Sl0Pr8,,,LD,Licht,Wand,EG,
207,Erdgeschoss,Flur,Licht Decke 1/2,,L2,E-LI01,S8,R37,,R2M7Sl0Pr1,,,LS,Licht,Decke 1/2,OG,
208,Erdgeschoss,Allgemein,Dimmerreset ,,L1,,S1,R71,,R0M6Sl0Pr1,,,,,,KG,
209,Obergeschoß,Wohnzimmer,Rauchmelder NOCH NICHT IN SPS! Checken ob M0 passt da 16er,,,,,,,,R3M0Sl0Pr9,"Kabel wird in Ankleide in Wand zu Büro gesteckt, nur Rauchmelder, kein Status auf Weiß/Rot",RM,Rauchmelder,NOCH NICHT IN SPS! Checken ob M0 passt da 16er,OG,
210,Obergeschoß,Wohnzimmer,Rauchmelder Status NOCH NICHT IN SPS! Checken ob M0 passt da 16er,,,,,,,,R3M0Sl0Pr10,Kabel wird in Ankleide in Wand zu Büro gesteckt,RM Status,Rauchmelder Status,NOCH NICHT IN SPS! Checken ob M0 passt da 16er (Alarmmelder (default high),OG,
211,Erdgeschoss,Flur,IR,,,,,,,,R2M3Sl0Pr15,,IR,IR,,OG,
212,Erdgeschoss,Allgemein,Dimmerreset ,,L2,,S11,R72,,R0M6Sl0Pr2,,,,,,KG,
213,Erdgeschoss,Allgemein,Dimmerreset ,,L3,,S22,R73,,R0M6Sl0Pr3,,,,,,KG,
214,Erdgeschoss,Flur,Rauchmelder,,,,,,,,,,RM,Rauchmelder,,OG,
215,Keller,Flur,Licht Stiegenaufgang ,,L1,K-LI01,S20,R8,,R0M2Sl0Pr7,,,LS,Licht,Stiegenaufgang,EG,
216,Erdgeschoss,Flur,"Helligkeitssensor rot+, blau -; singal: weiß/grün; grün",,,,,,,,R2M5Sl0Pr0,,IR,Helligkeitssensor,"rot+, blau -; singal: weiß/grün; grün",OG,
217,Keller,Flur,Licht Stiegenaufgang ,,L1,K-LI01,S20,R9,,R0M2Sl0Pr8,,,LS,Licht,Stiegenaufgang,EG,
218,Erdgeschoss,Garderobe,Licht Decke,,L2,E-LI01,S8,R31,,R2M7Sl0Pr7,,,DO,Licht,Decke,OG,65
219,Erdgeschoss,Garderobe,Licht Kasten,,L1,E-LIW01,S13,R5,,R2M6Sl0Pr0,,,DO,Licht,Kasten,OG,
220,Erdgeschoss,Garderobe,Licht Wand,,L1,E-LIW01,S13,R8,,R2M4Sl0Pr13,,,DO,Licht,Wand,OG,
221,Erdgeschoss,Garderobe,Licht Wand,,L1,E-LIW01,S13,R9,,R2M4Sl0Pr12,,,DO,Licht,Wand,OG,
222,Erdgeschoss,Garderobe,Rauchmelder Gaderrobe,,,,,,,R2M3Sl0Pr07,,,RM,Rauchmelder,Gaderrobe,OG,
223,Erdgeschoss,Gästezimmer,,,L2,E-LI01,S8,R38,,R2M7Sl0Pr0,,,LS,Licht,,OG,
224,Erdgeschoss,Wohnzimmer,TA16,,,,,,,,R0M3Sl0Pr0,,TA,Taster,,EG,
225,Erdgeschoss,Bad,K-FK WC,,,,,,,,R0M7Sl0Pr7,,FK,Fensterkontakt,,KG,
226,Erdgeschoss,Bad,K-FK Bad,,,,,,,,R0M7Sl0Pr9,,FK,Fensterkontakt,,KG,
227,Erdgeschoss,Bad,RESERVE EINGANG,,,,,,,,R0M7Sl0Pr10,,,,,KG,
228,Erdgeschoss,Bad,RESERVE EINGANG,,,,,,,,R0M7Sl0Pr8,,,,,KG,
229,Erdgeschoss,Bad,Taster Bad,,,,,,,,R0M7Sl0Pr5,,TA,Taster,,EG,
230,Erdgeschoss,Bad,Taster WC,,,,,,,,R0M7Sl0Pr11,,TA,Taster,,EG,
231,Erdgeschoss,Bad,Temp Bad 2.58,,,,,,,,R0M0Sl1Pr0,,TE,Temp,,EG,17
232,Erdgeschoss,Gästezimmer,Rauchmelder Gästezimmer,,,,,,,R2M3Sl0Pr08,,,RM,Rauchmelder,Gästezimmer,OG,
233,Obergeschoß,Kinderbad,Taster,,,,,,,,R2M3Sl0Pr02,,,Taster,,OG,
234,Erdgeschoss,Flur,TA02 bei Gästezimmer,,,,,,,,R0M9Sl0Pr12,,TA,Taster,,EG,
235,Erdgeschoss,Flur,TA03 bei Gästezimmer,,,,,,,,R0M9Sl0Pr13,,TA,Taster,,EG,
236,Erdgeschoss,Flur,TA04 bei KÜ eingang,,,,,,,,R0M7Sl0Pr14,,TA,Taster,,EG,
237,Obergeschoß,Kinderbad,Dose Waschtisch,,L3,O-DO03,S12,R12,,R2M4Sl0Pr09,,,,Dose,Waschtisch,OG,
238,Erdgeschoss,Flur,TA05 bei KÜ eingang,,,,,,,,R0M7Sl0Pr15,,TA,Taster,,EG,
239,Erdgeschoss,Flur,TA06 bei WZ,,,,,,,,R0M1Sl0Pr5,,TA,Taster,,EG,
240,Erdgeschoss,Flur,TA07 bei WZ,,,,,,,,R0M1Sl0Pr6,,TA,Taster,,EG,
241,Erdgeschoss,Flur,TA10 bei Bad,,,,,,,,R0M7Sl0Pr12,grünes kabel,TA,Taster,,EG,
242,Erdgeschoss,Flur,TA11 bei Bad,,,,,,,,R0M7Sl0Pr13,,TA,Taster,,EG,
243,Erdgeschoss,Flur,Temp,,,,,,,,,,TE,Temp,,EG,
244,Erdgeschoss,Garderobe,bei taster TA20+21,,,,,,,,,,TA,Klingel,Außen,EG,
245,Obergeschoß,Kinderbad,Licht Spiegel,,,,S12,R18,,R2M4Sl0Pr03,,,,Licht,Spiegel,OG,
246,Obergeschoß,Kinderbad,Dose Tür,,,,S9,R26,,,,,,Dose,Tür,OG,
247,Erdgeschoss,Garderobe,E-FK04,,,,,,,,R0M9Sl0Pr0,rot geschalten,FK,Fensterkontakt,Fenster,EG,
248,Erdgeschoss,Garderobe,E-FK20 (noch nicht angeschlossen),,,,,,,,R0M9Sl0Pr9,,FK,Fensterkontakt,Türe,EG,
249,Erdgeschoss,Garderobe,E-FK21,,,,,,,,R0M9Sl0Pr10,,FK,Fensterkontakt,Türe offen/zu,EG,
250,Erdgeschoss,Aussen,E-IR02 aussen bei Garderobe,,,,,,,,R0M9Sl0Pr5,"""""+/- über gelb/weiß von TA20/21!!",IR,IR,Außen,EG,
251,Erdgeschoss,Garderobe,E-TA18 bei Haustüre,,,,,,,,R0M9Sl0Pr1,,TA,Taster,,EG,
252,Erdgeschoss,Garderobe,E-TA19 bei Haustüre,,,,,,,,R0M9Sl0Pr2,,TA,Taster,,EG,
253,Erdgeschoss,Garderobe,E-TA20 Außen,,,,,,,,R0M9Sl0Pr7,siehe e-IR02,TA,Taster,Außen,EG,
254,Erdgeschoss,Garderobe,E-TA21 Außen,,,,,,,,R0M9Sl0Pr8,siehe e-IR02,TA,Taster,Außen,EG,
255,Erdgeschoss,Garderobe,E-TA22 bei Terminal,,,,,,,,R0M9Sl0Pr3,,TA,Taster,,EG,
256,Erdgeschoss,Garderobe,E-TA23 bei Terminal,,,,,,,,R0M9Sl0Pr4,,TA,Taster,,EG,
257,Erdgeschoss,Garderobe,Temp Garderobe 2.59,,,,,,,,R0M0Sl1Pr3,,TE,Temp,,EG,57
258,Erdgeschoss,Garderobe,IR,,,,,,,,R0M7Sl0Pr4,,IR,IR,innen,EG,
259,Erdgeschoss,Garderobe,RESERVE EINGANG,,,,,,,,R0M9Sl0Pr6,,IR,IR,Außen,EG,
260,Erdgeschoss,Garderobe,Staubsauganlage,,,,,,,,R0M1Sl0Pr0,,TA,Staubsauganlage,,KG,
261,Erdgeschoss,Garderobe,E-kamera,,,,,,,,,,,Kamera,,NoSPS,
262,Erdgeschoss,Garderobe,bei kamera,,,,,,,,,,,Audio,,NoSPS,
263,Erdgeschoss,Garderobe,Netzwerk,,,,,,,,,,,Netzwerk,,NoSPS,
264,Erdgeschoss,Garderobe,Blumengießanlage,,,,,,,,,,,Blumengießanlage,,NoSPS,
265,Erdgeschoss,Gästezimmer,E-FK01 Gäste,,,,,,,,R0M7Sl0Pr6,rot geschalten,FK,Fensterkontakt,,EG,
266,Erdgeschoss,Gästezimmer,E-TA01 Gäste,,,,,,,,R0M9Sl0Pr11,,TA,Taster,,EG,
267,Erdgeschoss,Gästezimmer,Temp Gäste 2.61,,,,,,,,R0M0Sl1Pr2,,TE,Temp,,EG,60
268,Erdgeschoss,Gästezimmer,,,,,,,,,,,,Netzwerk,,NoSPS,
269,Erdgeschoss,Wohnzimmer,bereits oben gelistet,,,,,,,,,,TA,Taster,,EG,
270,Erdgeschoss,Wohnzimmer,bereits oben gelistet,,,,,,,,,,TE,Temp,außen Nord,EG,
271,Erdgeschoss,Wohnzimmer,E-Dod05,,L1,,S25,,,,,,,Dose dauer,,EG,
272,Erdgeschoss,Wohnzimmer,E-DOd06,,L1,,S25,,,,,,,Dose,,EG,
273,Erdgeschoss,Wohnzimmer,E-FK02 Küchenfenster,,,,,,,,R0M1Sl0Pr14,(1),FK,Fensterkontakt,,EG,
274,Erdgeschoss,Wohnzimmer,E-IR01,,,,,,,,,,IR,IR,Kellerstiege,EG,
275,Erdgeschoss,Wohnzimmer,E-RO01-05,,L3,E-DO06,S7,,,,,,RO,Rollo,,EG,
276,Erdgeschoss,Wohnzimmer,Temperatur WZ 2.83,,,,,,,,R0M0Sl0Pr2,,TE,Temp,,EG,82
277,Erdgeschoss,Aussen,E-Temp03 aussen bei WZ 2.82,,,,,,,,R0M0Sl0Pr1,,TE,Temp,,EG,81
278,Erdgeschoss,Aussen,Temp Aussen Südwand(?) 2.81,,,,,,,,R0M0Sl0Pr0,,TE,Temp,innen und außen,EG,80
279,Erdgeschoss,Wohnzimmer,Fensterkontakt,,,,,,,,,,FK,Fensterkontakt,Fensterkontakt,EG,
280,Erdgeschoss,Wohnzimmer,FK Küchentüre,,,,,,,,R0M3Sl0Pr1,,FK,Fensterkontakt,,EG,
281,Erdgeschoss,Wohnzimmer,FK Speisschiebetür,,,,,,,,R0M5Sl0Pr15,,FK,Fensterkontakt,,EG,
282,Erdgeschoss,Wohnzimmer,FK Tür West,,,,,,,,R0M1Sl0Pr11,,FK,Fensterkontakt,,EG,
283,Erdgeschoss,Wohnzimmer,FK03 Küchenfenster,,,,,,,,R0M1Sl0Pr15,(2),FK,Fensterkontakt,,EG,
284,Erdgeschoss,Wohnzimmer,Staubsauganlage WZ,,,,,,,,R0M1Sl0Pr1,,TA,Staubsauganlage,WZ,NoSPS,
285,Erdgeschoss,Wohnzimmer,Staubsauganlage Küche,,,,,,,,R0M1Sl0Pr2,,TA,Staubsauganlage,Küche,NoSPS,
286,Erdgeschoss,Wohnzimmer,TA außen west 1/2,,,,,,,,R0M1Sl0Pr9,weiß/weiß,TA,Taster,,EG,
287,Erdgeschoss,Wohnzimmer,TA außen west 2/2,,,,,,,,R0M1Sl0Pr10,grün/gelb,TA,Taster,,EG,
288,Erdgeschoss,Wohnzimmer,TA08,,,,,,,,R0M1Sl0Pr3,,TA,Taster,,EG,
289,Erdgeschoss,Wohnzimmer,TA09,,,,,,,,R0M1Sl0Pr4,,TA,Taster,,EG,
290,Erdgeschoss,Wohnzimmer,TA12 ausgang West,,,,,,,,R0M1Sl0Pr7,,TA,Taster,,EG,
291,Erdgeschoss,Wohnzimmer,TA13 Küche Ost,,,,,,,,R0M3Sl0Pr2,,TA,Taster,,EG,
292,Erdgeschoss,Wohnzimmer,TA14 Küche Ost,,,,,,,,R0M3Sl0Pr3,,TA,Taster,,EG,
293,Erdgeschoss,Wohnzimmer,TA15 bei Speis,,,,,,,,R0M5Sl0Pr13,,TA,Taster,,EG,
294,Erdgeschoss,Wohnzimmer,TA17,,,,,,,,R0M1Sl0Pr8,blau/rot,TA,Taster,,EG,
295,Erdgeschoss,Wohnzimmer,,,,,,,,,,,,Sound,,NoSPS,
296,Erdgeschoss,Wohnzimmer,,,,,,,,,,,,Blumengießanlage,,NoSPS,
297,Obergeschoß,Kinderbad,Dose WC,,,,S9,R27,,,,,,Dose,WC,OG,
298,Keller,Flur,Temperaturfühler,,,,,,,,R0M0Sl0Pr3,,TE,Temperaturfühler,,KG,27
299,Keller,Flur,K-TA03(Stiegenhaus Tür Wellness),,,,,,,,R0M3Sl0Pr15,,TA,Taster,(+1 durchgeschliffen mit Wellnesraum),KG,
300,Keller,Flur,K-FK05 (Eingangstüre),,,,,,,,R0M5Sl0Pr2,,FK,Fensterkontakt,Haustüre,KG,
301,Keller,Flur,RESERVE EINGANG,,,,,,,,R0M5Sl0Pr3,,FK,Fensterkontakt,,KG,
302,Keller,Flur,Rauchmelder,,,,,,,,R0M7Sl0Pr0,,RM,Rauchmelder,,EG,
303,Keller,Flur,RESERVE EINGANG,,,,,,,,R0M7Sl0Pr1,,FK,Fensterkontakt,,KG,
304,Keller,Flur,IR,,,,,,,,R0M7Sl0Pr2,,IR,IR,,EG,
305,Keller,Flur,RESERVE EINGANG,,,,,,,,R0M7Sl0Pr3,,FK,Fensterkontakt,,KG,
306,Keller,Flur,K-TA04 (Tür zu Waschraum) +,,,,,,,,R0M3Sl0Pr10,,,,,KG,
307,Keller,Flur,K-TA07 (Tür Heizraum) ,,,,,,,,R0M3Sl0Pr9,,,,,KG,
308,Keller,Flur,K-TA05 (zur Aussentür) ,,,,,,,,R0M5Sl0Pr4,,,,,KG,
309,Keller,Flur,K-TA06 (zur Aussentür),,,,,,,,R0M5Sl0Pr5,,,,,KG,
310,Keller,Flur,,,,,,,,,,,TA,Staubsauganlage,,NoSPS,
311,Keller,Heizraum,Stellantrieb 2,,L1,K-HEIZ01,S21,,,,,,DO,Dose,Stellantrieb Mischer 2,KG,
312,Keller,Heizraum,Rauchmelder,,,,,,,,,,RM,Rauchmelder,wird über FK angehängt,KG,
313,Keller,Heizraum,K-FK Heizraum,,,,,,,,,die weissenlitzen sind die geschaltenen eingänge,,Fensterkontakt,Kellerfenster,KG,
314,Keller,Heizraum,Stellantrieb 1,,,,,,,,,,DO,Dose,Stellantrieb Mischer 1,KG,
315,Keller,Heizraum,Signal stellantriebe (Eingang v0n oberen 4 ausgängen),,,,,,,,,,FK,Fensterkontakt 230V!,Signal von 2 Stellantrieben (offen/zu),KG,
316,Keller,Heizraum,Reserve Eingang,,,,,,,,,,,,,KG,
317,Keller,Heizraum,Reserve Eingang,,,,,,,,,,,,,KG,
318,Keller,Holzraum,Dose dauer,,,K400V,K400V,,,,,,,Dose dauer,,NoSPS,
319,Keller,Holzraum,K-FK08,,,,,,,,R0M3Sl0Pr5,,FK,Fensterkontakt,Lucke,KG,
320,Keller,Holzraum,2.16 Wasserstand voll,,,,,,,,R0M3Sl0Pr6,,DI,2.16 Wasserstand voll,für Pumpwerk innen,KG,15
321,Keller,Holzraum,2.17 Wasserstand Not aus,,,,,,,,R0M3Sl0Pr7,,DI,2.17 Wasserstand Not aus,für Pumpwerk innen,KG,16
322,Keller,Holzraum,K-TA08,,,,,,,,R0M3Sl0Pr4,,TA,Taster,,KG,
323,Keller,Holzraum,Rauchmelder,,,,,,,,,,RM,Rauchmelder,über Lucke Kabel,KG,
324,Keller,Holzraum,2.32 Wasserstand kein Wasser,,,,,,,,,R1M1Sl0Pr5,DI,2.32 Wasserstand kein Wasser,,KG,31
325,Keller,Holzraum,2.30 Wasserstand voll,,,,,,,,,R1M1Sl0Pr4,DI,2.30 Wasserstand voll,,KG,29
326,Keller,Holzraum,2.31 Wasser überlauf,,,,,,,,,R1M1Sl0Pr6,DI,2.31 Wasser überlauf,,KG,30
327,Keller,Holzraum,für Pumpemsumpf aussen,,,,,,,,,,DI,Noch offen!,für Pumpemsumpf aussen,KG,
328,Keller,Holzraum,K400V,,,K-EXTRA01,,,,,,,,Dose dauer 400V,,NoSPS,
329,Keller,Speis,,,,,,,,,,,,dickes kabel für Überführung in Zubau,,NoSPS,
330,Keller,Speis,,,,,,,,,,,,Netzwerk,,NoSPS,
331,Keller,Speis,,,,,,,,,,,,CAN Kabel für SPS erweiterung,,NoSPS,
332,Keller,Waschraum,Reserve bei Steckdosen am Boden,,,,,,,,R0M5Sl0Pr10,,,Reserve bei Steckdosen am Boden,,KG,
333,Keller,Waschraum,Reserve bei Steckdosen am Boden,,,,,,,,R0M5Sl0Pr8,,,Reserve bei Steckdosen am Boden,,KG,
334,Keller,Waschraum,Reserve bei Steckdosen am Boden,,,,,,,,R0M5Sl0Pr9,,,Reserve bei Steckdosen am Boden,,KG,
335,Keller,Waschraum,Rauchmelder,,,,,,,,,,RM,Rauchmelder,,EG,
336,Keller,Waschraum,3.27 Kanal leer,,,,,,,,R0M9Sl0Po14,,DI,3.27 Kanal leer,,KG,99
337,Keller,Waschraum,3.28 Kanal voll (2 sensoren),,,,,,,,R0M9Sl0Po15,,DI,3.28 Kanal voll (2 sensoren),,KG,100
338,Keller,Waschraum,durchgeschiffen und bei Werkstatt 2 angehängt,,,,,,,,,,,Dose dauer,,KG,
339,Keller,Waschraum,Netzwerk,,,,,,,,,,,Netzwerk,,NoSPS,
340,Keller,Wellnessbereich,Licht Wand bei Dusche (gleiches Relais wie Licht Wand),,L2,,S12,,,,,,,Licht,Wand bei Dusche (gleiches Relais wie Licht Wand),EG,
341,Keller,Wellnessbereich,K-01Dod + K-02Dod,,,K-DO04,S34,,,,,,,Dose dauer,,KG,
342,Keller,Wellnessbereich,K-Temp Sauna 2.40,,,,,,,,R0M0Sl1Pr1,,TE,Temp,Sauna 2.40,KG,39
343,Keller,Wellnessbereich,Rauchmelder,,,,,,,,R0M1Sl0Pr12,orange (1),RM,Rauchmelder,,KG,
344,Keller,Wellnessbereich,IR,,,,,,,,R0M1Sl0Pr13,orange (2),IR,IR,,KG,
345,Keller,Wellnessbereich,K-SA01,,,,,,,,R0M3Sl0Pr12,,TA,Staubsauganlage,,KG,
346,Keller,Wellnessbereich,K-FK01,,,,,,,,R0M5Sl0Pr0,,FK,Fensterkontakt,durchgschliffen,KG,
347,Keller,Wellnessbereich,K-FK02,,,,,,,,R0M5Sl0Pr1,,FK,Fensterkontakt,durchgschliffen,KG,
348,Keller,Wellnessbereich,K-TA01 Stiegenhaus+Wellness,,,,,,,,R0M3Sl0Pr8,,TA,Taster,,KG,
349,Keller,Wellnessbereich,K-Sauna400V-01,,,K-SAUNA,,,,,,,,Dose dauer 400V,,KG,
350,Keller,Wellnessbereich,Temp,,,,,,,,,,TE,Temp,am FK mit angehängt,KG,
351,Keller,Werkstatt 1 ,K-FK06,,,,,,,,R0M5Sl0Pr11,,FK,Fensterkontakt,durchgeschliffen,KG,
352,Keller,Werkstatt 1 ,K-FK07,,,,,,,,R0M5Sl0Pr12,,FK,Fensterkontakt,durchgeschliffen,KG,
353,Keller,Werkstatt 1 ,K-SA02,,,,,,,,R0M3Sl0Pr13,,TA,Staubsauganlage,,KG,
354,Keller,Werkstatt 1 ,Temp fühler,,,,,,,,,,TE,Temp,am Kabel für Fk,KG,
355,Keller,Werkstatt 1 ,,,,,,,,,,,,Netzwerk,,NoSPS,
356,Keller,Werkstatt 2,K-06DOd,,,K-DO07,S33,,,,,,,Dose dauer,,NoSPS,
357,Keller,Werkstatt 2,K-SA03,,,,,,,,R0M3Sl0Pr14,,TA,Staubsauganlage,,NoSPS,
358,Keller,Werkstatt 2,K-FK03,,,,,,,,R0M5Sl0Pr6,,FK,Fensterkontakt,Lucke und Fenster durchgeschliffen,KG,
359,Keller,Werkstatt 2,K-FK04 ,,,,,,,,R0M5Sl0Pr7,,FK,Fensterkontakt,Lucke und Fenster durchgeschliffen,KG,
360,Keller,Werkstatt 2,K-TA02,,,,,,,,R0M3Sl0Pr11,,TA,Taster,,KG,
361,Keller,Werkstatt 2,K400VoltDOd,,,K-400-Werkstatt,,,,,,,,Dose dauer 400V,,NoSPS,
362,Keller,Werkstatt 2,Dose Dauer ,,,K-400-Werkstatt,,,,,,,,Dose dauer,,NoSPS,
363,Keller,Werkstatt 2,,,,,,,,,,,,Netzwerk,,NoSPS,
364,Obergeschoß,Kinderbad,Dose WC 2,,,,S9,R28,,,,,,Dose,WC 2,OG,
365,Obergeschoß,Kinderbad,Fensterkontakt grün geschalten (rot+),,,,,,,,R2M3Sl0Pr01,,,Fensterkontakt,grün geschalten (rot+),OG,
366,Obergeschoß,Kinderzimmer Nord,Sound,,,,,,,,,,,Sound,,NoSPS,
367,Obergeschoß,Kinderzimmer Nord,Blumengießanlage,,,,,,,,,,,Blumengießanlage,,NoSPS,
368,Obergeschoß,Kinderzimmer Nord,Netzwerk,,,,,,,,,,,Netzwerk,,NoSPS,
369,Obergeschoß,Kinderbad,Fensterkontakt weiss geschalten (rot+),,,,,,,,R2M1Sl0Pr14,,,Fensterkontakt,weiss geschalten (rot+),OG,
370,Obergeschoß,Kinderbad,Fensterkontakt weiss geschalten (rot+),,,,,,,,R2M1Sl0Pr15,,,Fensterkontakt,weiss geschalten (rot+),OG,
371,Obergeschoß,Kinderbad,Fensterkontakt gelb geschalten (rot+),,,,,,,,R2M3Sl0Pr01,,,Fensterkontakt,gelb geschalten (rot+),OG,
372,Obergeschoß,Kinderbad,Temp 7.02,,,,,,,,R2M0Sl0Pr1,,,Temp,7.02,OG,
373,Obergeschoß,Kinderbad,Licht Dimmbar Wand verbraucher noch nicht angeschlossen,,,,S11,R107,,R3M3Sl0Pr7,,,,Licht Dimmbar,Wand verbraucher noch nicht angeschlossen,OG,
374,Obergeschoß,Kinderbad,Licht Decke verbraucher noch nicht angeschlossen,,,,S11,R108,,R3M3Sl0Pr6,,,,Licht,Decke verbraucher noch nicht angeschlossen,OG,
375,Obergeschoß,Kinderzimmer Nord,Taster Bett,,,,,,,,R2M1Sl0Pr0,,,Taster,Bett,OG,
376,Obergeschoß,Kinderzimmer Nord,Taster Tür,,,,,,,,R2M1Sl0Pr03,,,Taster,Tür,OG,
377,Obergeschoß,Kinderzimmer Nord,Dose dauer,,L3,O-DO06,S2,na,,na,,,,Dose dauer,,NoSPS,
378,Obergeschoß,Kinderzimmer Nord,Licht Decke 1,,L1,O-LI03,S12,R13,,R2M4Sl0Pr08,,,,Licht,Decke 1,OG,
379,Obergeschoß,Kinderzimmer Nord,Licht decke 2,,L1,O-LI03,S12,R14,,R2M4Sl0Pr07,,,,Licht,decke 2,OG,
380,Obergeschoß,Kinderzimmer Nord,Dose,,,,,R61,,R2M2Sl0Pr06,,,,Dose,,OG,
381,Obergeschoß,Kinderzimmer Nord,Dose,,,,,R62,,R2M2Sl0Pr05,,,,Dose,,OG,
382,Obergeschoß,Kinderzimmer Nord,Dose,,,,,R63,,R2M2Sl0Pr04,,,,Dose,,OG,
383,Obergeschoß,Ankleide,Blumengießanlage,,,,,,,,,,,Blumengießanlage,,NoSPS,
384,Obergeschoß,Kinderzimmer Nord,Dose,,,,,R64,,R2M2Sl0Pr03,,,,Dose,,OG,
385,Obergeschoß,Kinderzimmer Nord,Dose,,L3,O-DO03,S1,,,,,,,Dose,,OG,
386,Obergeschoß,Kinderzimmer Nord,Fensterkontakt,,,,,,,,R2M1Sl0Pr1,,,Fensterkontakt,,OG,
387,Obergeschoß,Kinderzimmer Nord,Fensterkontakt,,,,,,,,R2M1Sl0Pr2,,,Fensterkontakt,,OG,
388,Obergeschoß,Kinderzimmer Nord (Schlaf),Temp 7.01,,,,,,,,R2M0Sl0Pr3,,,Temp,7.01,OG,
389,Obergeschoß,Kinderzimmer Nord,Rauchmelder,,,,,,,,R2M1Sl0Pr10,,,Rauchmelder,,OG,
390,Obergeschoß,Kinderzimmer Nord,Fensterkontakt InnenTür,,,,,,,,R2M3Sl0Pr02,,,Fensterkontakt,InnenTür,OG,
391,Obergeschoß,Kinderzimmer Süd,Taster Taster links,,,,,,,,R2M1Sl0Pr07,,,Taster,Taster links,OG,
392,Obergeschoß,Kinderzimmer Süd,Taster Taster rechts,,,,,,,,R2M1Sl0Pr09,,,Taster,Taster rechts,OG,
393,Obergeschoß,Kinderzimmer Süd,Dose bei Balkontüre,,L3,O-DO06,S2,R100,,R3M3Sl0Pr14,,,,Dose,bei Balkontüre,OG,
394,Obergeschoß,Kinderzimmer Süd,Dose oben 1,,L3,O-DO06,S2,R101,,R3M3Sl0Pr13,,,,Dose,oben 1,OG,
395,Obergeschoß,Kinderzimmer Süd,Dose oben 2,,L3,O-DO06,S2,R102,,R3M3Sl0Pr12,,,,Dose,oben 2,OG,
396,Obergeschoß,Kinderzimmer Süd,Dose bei Innentüre,,L3,O-DO06,S2,R103,,R3M3Sl0Pr11,,,,Dose,bei Innentüre,OG,
397,Obergeschoß,Kinderzimmer Süd,Taster oben 1,,,,,,,,R2M1Sl0Pr12??,,,Taster,oben 1,OG,
398,Obergeschoß,Kinderzimmer Süd,Taster oben2,,,,,,,,R2M1Sl0Pr13??,,,Taster,oben2,OG,
399,Obergeschoß,Kinderzimmer Süd,Taster Bett/Balkon,,,,,,,,R2M1Sl0Pr4,,,Taster,Bett/Balkon,OG,
400,Obergeschoß,Kinderzimmer Süd,Dose,,L3,O-DO06,S2,R104,,R3M3Sl0Pr10,,,,Dose,,OG,
401,Obergeschoß,Kinderzimmer Süd,Dose,,L3,O-DO06,S2,R105,,R3M3Sl0Pr9,,,,Dose,,OG,
402,Obergeschoß,Kinderzimmer Süd,Dose,,L3,O-DO06,S2,R106,,R3M3Sl0Pr8,,,,Dose,,OG,
403,Obergeschoß,Kinderzimmer Süd,Licht Hauptlicht,,,,S12,R16,,R2M4Sl0Pr05,,,,Licht,Hauptlicht,OG,
404,Obergeschoß,Kinderzimmer Süd,Licht Leselicht Bett,,,,S12,R15,,R2M4Sl0Pr04,,,,Licht,Leselicht Bett,OG,
405,Obergeschoß,Kinderzimmer Süd,Dose bei Kamin,,L3,O-DO03,S1,R66,,R2M2Sl0Pr01,,,,Dose,bei Kamin,OG,
406,Obergeschoß,Kinderzimmer Süd,Licht,,L1,O-LI03,S12,R-S12.01,,R3M7Sl0Pr5,,,,Licht,,OG,
407,Obergeschoß,Kinderzimmer Süd,Licht,,L1,O-LI03,S12,R-S12.02,,R3M7Sl0Pr6,,,,Licht,,OG,
408,Obergeschoß,Kinderzimmer Süd,Fensterkontakt,,,,,,,,R2M1Sl0Pr5,,,Fensterkontakt,,OG,
409,Obergeschoß,Büro,Sound ev. 5.1 ??,,,,,,,,,,,Sound,ev. 5.1 ??,NoSPS,
410,Obergeschoß,Kinderzimmer Süd,Fensterkontakt InnenTür,,,,,,,,R2M3Sl0Pr03,,,Fensterkontakt,InnenTür,OG,
411,Obergeschoß,Kinderzimmer Süd,Fensterkontakt,,,,,,,,R2M1Sl0Pr6,,,Fensterkontakt,,OG,
412,Obergeschoß,Büro,Netzwerk,,,,,,,,,,,Netzwerk,,NoSPS,
413,Obergeschoß,Kinderzimmer Süd,Rauchmelder,,,,,,,,R2M1Sl0Pr11,,,Rauchmelder,,OG,
414,Obergeschoß,Kinderzimmer Süd (Spiel),Temp 7.00,,,,,,,,R2M0Sl0Pr2,,,Temp,7.00,OG,
415,Obergeschoß,Kinderzimmer Süd,Dose oben 2,,,,S2,R98,,R3M3Sl0Pr15,,,,Dose,oben 2,OG,
416,Obergeschoß,Kinderzimmer Süd,Dose oben 1,,,,S2,R99,,R3M5Sl0Pr0,,,,Dose,oben 1,OG,
417,Erdgeschoss,Küche,Licht Küche Kochinsel,,L3,E-LI02,S4,R55,,R2M2Sl0Pr12,,,LS,Licht,Küche Kochinsel,OG,
418,Erdgeschoss,Küche,Licht Küche Herd,,L3,E-LI02,S4,R56,,R2M2Sl0Pr11,,,LS,Licht,Küche Herd,OG,
419,Erdgeschoss,Küche,Licht Küche Abwasch,,L3,E-LI02,S4,R57,,R2M2Sl0Pr10,,,LS,Licht,Küche Abwasch,OG,
420,Erdgeschoss,Küche,Licht Speis,,L3,E-LI02,S4,R58,,R2M2Sl0Pr09,,,LS,Licht,Speis,OG,
421,Obergeschoß,Leseraum,Dose Nord,,,,S3,R109,,R3M3Sl0Pr5,,,,Dose,Nord,OG,
422,Obergeschoß,Leseraum,Dose Nord,,,,S3,R110,,R3M3Sl0Pr4,,,,Dose,Nord,OG,
423,Obergeschoß,Leseraum,Dose Südwand links,,,,S3,R111,,R3M3Sl0Pr3,,,,Dose,Südwand links,OG,
424,Obergeschoß,Leseraum,Dose Südwand rechts,,,,S3,,,R3M3Sl0Pr?,ev zwei doppelt gelegt?,,,Dose,Südwand rechts,OG,
425,Obergeschoß,Schlafzimmer,Licht LED Leiste an der Wand zum Bad,,,,S3,R112,,R3M3Sl0Pr2,,,,Licht,LED Leiste an der Wand zum Bad,OG,180
426,Obergeschoß,Schlafzimmer,Licht Wand zu Bad,,,,S3,R113,,R3M3Sl0Pr1,,,,Licht,Wand zu Bad,OG,182
427,Obergeschoß,Leseraum,Licht Dimmbar Decke 2,,L2,,S7,direkt 24V,,R3M7Sl0Pr11,,,,Licht Dimmbar,Decke 2,OG,183
428,Obergeschoß,Leseraum,Dose Beamer,,,,S4,R115,,R3M1Sl0Pr15,,,,Dose,Beamer,OG,
429,Obergeschoß,Leseraum,Licht Decke,,L2,,S7,R39,,R2M6Sl0Pr15,,,,Licht,Decke,OG,181
430,Obergeschoß,Leseraum,Fensterkontakt Dachfenster,,,,,,,,,,,Fensterkontakt,Dachfenster,OG,
431,Obergeschoß,Reserve,Reserve,,,,S9,R30,,R3M1Sl0Pr0,,,,Reserve,Reserve,OG,
432,Obergeschoß,Reserve,Reserve,,L2,,S7,R41,,R2M6Sl0Pr13,,,,Reserve,Reserve,OG,
433,Obergeschoß,Reserve,Reserve,,L2,,S7,R42,,R2M6Sl0Pr12,,,,Reserve,Reserve,OG,
434,Obergeschoß,Elternbad,Blumengießanlage,,,,,,,,,,,Blumengießanlage,,NoSPS,
435,Obergeschoß,Reserve,Reserve,,L2,,S6,R46,,R2M6Sl0Pr08,,,,Reserve,Reserve,OG,
436,Obergeschoß,Reserve,Reserve,,L2,,S6,R47,,R2M6Sl0Pr07,,,,Reserve,Reserve,OG,
437,Obergeschoß,Elternbad,Netzwerk,,,,,,,,,,,Netzwerk,,NoSPS,
438,Obergeschoß,Reserve,Reserve,,L2,,S6,R48,,R2M6Sl0Pr06,,,,Reserve,Reserve,OG,
439,Obergeschoß,Reserve,Reserve,,,,S5,R52,,R2M2Sl0Pr15,,,,Reserve,Reserve,OG,
440,Obergeschoß,Reserve,Reserve,,,,S5,R53,,R2M2Sl0Pr14,,,,Reserve,Reserve,OG,
441,Obergeschoß,Schlafzimmer,Taster Balkon,,,,,,,,R2M5Sl0Pr08,,,Taster,Balkon,OG,
442,Obergeschoß,Schlafzimmer,Taster Bei Bad 2,,,,,,,,R2M5Sl0Pr11,,,Taster,Bei Bad 2,OG,
443,Obergeschoß,Kinderzimmer Süd,Sound,,,,,,,,,,,Sound,,NoSPS,
444,Obergeschoß,Kinderzimmer Süd,Blumengießanlage,,,,,,,,,,,Blumengießanlage,,NoSPS,
445,Obergeschoß,Kinderzimmer Süd,Netzwerk,,,,,,,,,,,Netzwerk,,NoSPS,
446,Obergeschoß,Schlafzimmer,Dose Ost,,L2,O-DO04,S10,R19,,R3M1Sl0PR11,,,,Dose,Ost,OG,177
447,Obergeschoß,Schlafzimmer,Dose Ost,,L2,O-DO04,S10,R20,,R3M1Sl0PR10,,,,Dose,Ost,OG,184
448,Obergeschoß,Schlafzimmer,Dose Süd,,L2,O-DO04,S16,R201,,R3M5Sl0Pr5,,,,Dose,Süd,OG,
449,Obergeschoß,Schlafzimmer,Dose Zirbenwand links,,,,S16,R203,,R3M5Sl0Pr3,,,,Dose,Zirbenwand links,OG,
450,Obergeschoß,Schlafzimmer,Dose Zirbenwand rechts,,,,S16,R204,,R3M5Sl0Pr2,,,,Dose,Zirbenwand rechts,OG,
451,Obergeschoß,Schlafzimmer,Dose Nord,,L2,O-DO04,S14,R304,,R3M7Sl0Pr02,,,,Dose,Nord,OG,
452,Obergeschoß,Schlafzimmer,Licht Decke (Istanbul),,L2,O-LI04,S7,R40,,R2M6Sl0Pr14,,,,Licht,Decke (Istanbul),OG,
453,Obergeschoß,Schlafzimmer,Licht Balkon,,,,Saussen,RA5,,,,,,Licht,Balkon,OG,
454,Obergeschoß,Schlafzimmer,Dose ??,,L2,O-DO04,S10,,,,,,,Dose,??,OG,
455,Obergeschoß,Schlafzimmer,Licht Dimmbar Leselampe R,,L2,O-LI04,S7,direkt 24V,,R3M7Sl0Pr12,,,,Licht Dimmbar,Leselampe R,OG,
456,Obergeschoß,Schlafzimmer,Licht Dimmbar Leselampe L,,L2,O-LI04,S7,direkt 24V,,R3M7Sl0Pr13,,,,Licht Dimmbar,Leselampe L,OG,
457,Obergeschoß,Schlafzimmer,Fensterkontakt,,,,,,,,,,,Fensterkontakt,,OG,
458,Obergeschoß,Schlafzimmer,Fensterkontakt Tür,,,,,,,,,,,Fensterkontakt,Tür,OG,
459,Obergeschoß,Schlafzimmer,Fensterkontakt Fenster,,,,,,,,,,,Fensterkontakt,Fenster,OG,
460,Obergeschoß,Schlafzimmer,Taster Bett R,,,,,,,,R3M0Sl0Pr0,,,Taster,Bett R,OG,
461,Obergeschoß,Schlafzimmer,Taster Bett L 1,,,,,,,,R3M0Sl0Pr01,,,Taster,Bett L 1,OG,
462,Obergeschoß,Schlafzimmer,Taster Bett L 2,,,,,,,,R3M0Sl0Pr02,,,Taster,Bett L 2,OG,
463,Obergeschoß,Schlafzimmer,Taster Bett L 3,,,,,,,,R3M0Sl0Pr03,,,Taster,Bett L 3,OG,
464,Obergeschoß,Schlafzimmer,Taster Bett L 4,,,,,,,,R3M0Sl0Pr04,,,Taster,Bett L 4,OG,
465,Obergeschoß,Schlafzimmer,Taster Bei Bad 1,,,,,,,,R3M0Sl0Pr05,,,Taster,Bei Bad 1,OG,
466,Obergeschoß,Ankleide,Temp 7.04,,,,,,,,R2M0Sl1Pr0,,,Temp,7.04,OG,119
467,Erdgeschoss,Wohnzimmer,Licht Wohnz. Decke,,L3,E-LI02,S4,R59,D3.1,R2M2Sl0Pr08,,,LS,Licht,Wohnz. Decke,OG,
468,Erdgeschoss,Wohnzimmer,Licht Wand WZ von oben kommend 1,,L1,,S13,R6,D1.1,R2M4Sl0Pr15,,,LD,Licht Dimmbar,Wand,OG,
469,Erdgeschoss,Wohnzimmer,Licht Esszimmer Decke,,L3,E-LI02,S4,R60,D3.2,R2M2Sl0Pr07,,,LS,Licht,Esszimmer Decke,OG,
470,Erdgeschoss,Wohnzimmer,Licht Wand WZ von oben kommend 2,,L1,E-LIW01,S13,R7,D1.2,R2M4Sl0Pr14,,,LD,Licht Dimmbar,Wand,OG,
471,Erdgeschoss,Wohnzimmer,,,,,,,,,,,IR,IR,Wohnzimmer,OG,
472,,,???? (oranges kabel 1 anschluss),,,,,,,,R0M5Sl0Pr14,,,,,,
473,,,oranges kabel zwei anschlüsse,,,,,,,,R0M9Sl0Pr10,,,,,,
474,,,oranges kabel zwei anschlüsse,,,,,,,,R0M9Sl0Pr14,,,,,,
475,,,oranges kabel zwei anschlüsse,,,,,,,,R0M9Sl0Pr15,,,,,,
476,,,oranges kabel zwei anschlüsse,,,,,,,,R0M9Sl0Pr9,,,,,,
,,,,,,,,,,,,,,Gesamt:,#REF!,,
